,Date,NOAA No,Location,Lo,Area,Zpc,LL,NN,Mag,N_Bflare,N_Cflare,N_Mflare,N_Xflare
0,2015-01-01,2246,N19W56,108,70,Hsx,1,1,Alpha,0.0,0.0,0.0,0.0
1,2015-01-01,2248,S19W29,81,60,Hsx,2,2,Alpha,0.0,0.0,0.0,0.0
2,2015-01-01,2251,S13E05,47,190,Dai,8,11,Beta,0.0,0.0,0.0,0.0
3,2015-01-01,2252,S20E24,28,100,Cao,3,2,Beta,0.0,0.0,0.0,0.0
4,2015-01-01,2253,S06E48,4,270,Eac,11,14,Beta-Gamma,0.0,0.0,0.0,0.0
5,2015-01-01,2254,S22E09,43,20,Cso,3,4,Beta,0.0,0.0,0.0,0.0
0,2015-01-02,2246,N19W69,108,50,Hsx,2,1,Alpha,0.0,0.0,0.0,0.0
1,2015-01-02,2248,S19W42,81,50,Hax,2,1,Alpha,0.0,0.0,0.0,0.0
2,2015-01-02,2251,S13W09,48,140,Dao,9,6,Beta-Gamma,0.0,0.0,0.0,0.0
3,2015-01-02,2252,S20E11,28,90,Hax,2,2,Alpha,0.0,0.0,0.0,0.0
4,2015-01-02,2253,S07E35,4,460,Ekc,11,16,Beta-Gamma,0.0,3.0,0.0,0.0
5,2015-01-02,2254,S22W05,44,20,Cro,4,4,Beta,0.0,0.0,0.0,0.0
6,2015-01-02,2255,S14E76,322,60,Hax,3,1,Alpha,0.0,0.0,0.0,0.0
0,2015-01-03,2246,N19W83,108,90,Hsx,2,1,Alpha,0.0,0.0,0.0,0.0
1,2015-01-03,2248,S19W55,80,50,Hax,1,1,Alpha,0.0,1.0,0.0,0.0
2,2015-01-03,2251,S12W21,47,160,Dso,9,5,Beta,0.0,0.0,0.0,0.0
3,2015-01-03,2252,S20W01,26,60,Hax,1,1,Alpha,0.0,0.0,0.0,0.0
4,2015-01-03,2253,S06E22,3,770,Ekc,12,22,Beta-Gamma-Delta,3.0,1.0,0.0,0.0
5,2015-01-03,2254,S22W21,46,10,Axx,0,1,Alpha,0.0,0.0,0.0,0.0
6,2015-01-03,2255,S14E63,322,90,Hsx,3,1,Alpha,0.0,0.0,0.0,0.0
7,2015-01-03,2256,S08W47,72,20,Cro,2,1,Beta,0.0,1.0,0.0,0.0
0,2015-01-04,2248,S19W68,80,30,Hax,1,1,Alpha,0.0,0.0,0.0,0.0
1,2015-01-04,2251,S13W35,47,160,Dao,9,6,Beta,0.0,0.0,0.0,0.0
2,2015-01-04,2252,S20W15,27,60,Hsx,2,2,Alpha,0.0,0.0,0.0,0.0
3,2015-01-04,2253,S07E09,3,900,Ekc,15,31,Beta-Gamma-Delta,0.0,9.0,1.0,0.0
4,2015-01-04,2254,S22W35,47,10,Axx,2,2,Alpha,0.0,0.0,0.0,0.0
5,2015-01-04,2255,S15E51,321,100,Cao,3,3,Beta,0.0,0.0,0.0,0.0
6,2015-01-04,2256,S08W61,73,40,Cao,6,7,Beta,0.0,0.0,0.0,0.0
0,2015-01-05,2248,S19W82,81,20,Hax,1,1,Alpha,0.0,0.0,0.0,0.0
1,2015-01-05,2251,S13W48,47,100,Dso,8,5,Beta,0.0,0.0,0.0,0.0
2,2015-01-05,2252,S20W27,26,50,Hax,2,2,Alpha,0.0,0.0,0.0,0.0
3,2015-01-05,2253,S07W04,3,860,Ekc,15,42,Beta-Gamma-Delta,0.0,4.0,1.0,0.0
4,2015-01-05,2255,S16E38,321,160,Dai,4,9,Beta-Gamma,0.0,0.0,0.0,0.0
5,2015-01-05,2256,S08W74,73,30,Cao,6,5,Beta,0.0,0.0,0.0,0.0
0,2015-01-06,2251,S13W60,45,70,Dao,7,3,Beta,0.0,1.0,0.0,0.0
1,2015-01-06,2252,S19W41,26,10,Hax,1,1,Alpha,0.0,0.0,0.0,0.0
2,2015-01-06,2253,S07W18,3,700,Fkc,16,26,Beta-Gamma-Delta,0.0,4.0,0.0,0.0
3,2015-01-06,2255,S16E24,321,80,Dai,3,8,Beta-Gamma,0.0,0.0,0.0,0.0
4,2015-01-06,2256,S06W90,75,60,Cao,2,1,Beta,0.0,0.0,0.0,0.0
0,2015-01-07,2251,S13W74,46,60,Hax,2,1,Alpha,0.0,0.0,0.0,0.0
1,2015-01-07,2252,S20W54,26,10,Axx,1,1,Alpha,0.0,0.0,0.0,0.0
2,2015-01-07,2253,S06W30,2,460,Fkc,16,31,Beta-Gamma,0.0,3.0,0.0,0.0
3,2015-01-07,2255,S16E11,320,100,Dso,5,5,Beta,0.0,0.0,0.0,0.0
4,2015-01-07,2257,N05E12,320,40,Dao,4,3,Beta,0.0,1.0,0.0,0.0
5,2015-01-07,2258,N14E71,261,10,Axx,1,1,Alpha,0.0,0.0,0.0,0.0
0,2015-01-08,2251,S13W89,48,50,Hax,2,1,Alpha,0.0,0.0,0.0,0.0
1,2015-01-08,2252,S19W66,25,10,Axx,1,1,Alpha,0.0,0.0,0.0,0.0
2,2015-01-08,2253,S06W44,3,210,Fac,17,24,Beta-Gamma,0.0,2.0,0.0,0.0
3,2015-01-08,2255,S14W02,321,90,Cso,7,6,Beta,0.0,0.0,0.0,0.0
4,2015-01-08,2257,N05W01,320,100,Dai,7,13,Beta,0.0,0.0,0.0,0.0
5,2015-01-08,2258,N12E58,261,30,Hrx,1,1,Alpha,0.0,0.0,0.0,0.0
0,2015-01-09,2253,S06W57,2,90,Esi,14,15,Beta,0.0,1.0,0.0,0.0
1,2015-01-09,2255,S14W16,321,60,Hsx,3,5,Alpha,0.0,0.0,0.0,0.0
2,2015-01-09,2257,N05W16,321,170,Dai,7,19,Beta,0.0,0.0,0.0,0.0
3,2015-01-09,2258,N13E51,254,30,Cro,11,6,Beta,0.0,1.0,0.0,0.0
4,2015-01-09,2259,S18E62,244,200,Eao,11,6,Beta,0.0,2.0,0.0,0.0
0,2015-01-10,2253,S06W71,4,70,Cso,14,8,Beta,0.0,0.0,0.0,0.0
1,2015-01-10,2255,S14W29,322,50,Hax,3,2,Alpha,0.0,0.0,0.0,0.0
2,2015-01-10,2257,N07W29,322,480,Dki,8,28,Beta-Delta,0.0,3.0,0.0,0.0
3,2015-01-10,2258,N13E38,255,30,Cro,12,3,Beta,0.0,0.0,0.0,0.0
4,2015-01-10,2259,S18E50,243,280,Eko,11,5,Beta-Gamma,0.0,2.0,0.0,0.0
5,2015-01-10,2260,N09E11,282,40,Dao,6,8,Beta,0.0,0.0,0.0,0.0
6,2015-01-10,2261,S10E72,221,30,Hsx,1,1,Alpha,0.0,0.0,0.0,0.0
0,2015-01-11,2253,S06W85,5,10,Axx,1,1,Alpha,0.0,1.0,0.0,0.0
1,2015-01-11,2255,S16W44,324,70,Dao,8,6,Beta-Gamma,0.0,0.0,0.0,0.0
2,2015-01-11,2257,N07W42,322,470,Ekc,11,35,Beta-Delta,0.0,3.0,0.0,0.0
3,2015-01-11,2258,N14E25,255,20,Cro,13,4,Beta,0.0,0.0,0.0,0.0
4,2015-01-11,2259,S18E38,242,290,Eko,12,9,Beta-Gamma,0.0,1.0,0.0,0.0
5,2015-01-11,2260,N09W02,282,30,Cro,9,7,Beta,0.0,0.0,0.0,0.0
6,2015-01-11,2261,S11E57,223,30,Hsx,2,1,Alpha,0.0,0.0,0.0,0.0
7,2015-01-11,2262,S00W18,298,20,Cro,3,3,Beta,0.0,0.0,0.0,0.0
0,2015-01-12,2255,S15W55,322,130,Eao,12,18,Beta-Gamma-Delta,0.0,1.0,0.0,0.0
1,2015-01-12,2257,N07W55,322,450,Ekc,11,24,Beta-Gamma-Delta,0.0,3.0,0.0,0.0
2,2015-01-12,2258,N16E12,255,10,Bxo,2,3,Beta,0.0,0.0,0.0,0.0
3,2015-01-12,2259,S16E26,241,310,Eko,11,8,Beta-Gamma,0.0,1.0,0.0,0.0
4,2015-01-12,2260,N09W17,284,30,Cro,3,4,Beta,0.0,1.0,0.0,0.0
5,2015-01-12,2261,S11E45,222,30,Hsx,2,2,Alpha,0.0,0.0,0.0,0.0
6,2015-01-12,2262,S01W31,298,20,Cro,4,4,Beta,0.0,1.0,0.0,0.0
0,2015-01-13,2255,S15W68,322,110,Eao,11,11,Beta-Gamma,0.0,3.0,0.0,0.0
1,2015-01-13,2257,N07W68,322,380,Ekc,11,16,Beta-Gamma-Delta,0.0,1.0,0.0,0.0
2,2015-01-13,2259,S15E13,239,350,Eko,12,9,Beta-Gamma,0.0,0.0,0.0,0.0
3,2015-01-13,2260,N09W33,285,60,Dai,6,8,Beta,0.0,2.0,0.0,0.0
4,2015-01-13,2261,S11E31,223,30,Hsx,2,1,Alpha,0.0,1.0,0.0,0.0
5,2015-01-13,2262,S00W44,298,20,Cro,7,6,Beta,0.0,0.0,0.0,0.0
0,2015-01-14,2255,S16W80,319,110,Dao,8,7,Beta-Gamma,0.0,0.0,0.0,0.0
1,2015-01-14,2257,N07W81,320,240,Eac,11,6,Beta-Gamma-Delta,0.0,2.0,2.0,0.0
2,2015-01-14,2259,S15W01,241,360,Eko,13,10,Beta-Gamma,0.0,1.0,0.0,0.0
3,2015-01-14,2260,N09W47,286,60,Dao,7,4,Beta,0.0,0.0,0.0,0.0
4,2015-01-14,2261,S11E17,223,30,Hax,2,1,Alpha,0.0,0.0,0.0,0.0
5,2015-01-14,2262,N01W56,296,40,Cso,7,5,Beta,0.0,0.0,0.0,0.0
0,2015-01-15,2255,S16W89,316,80,Cao,7,3,Beta,0.0,0.0,0.0,0.0
1,2015-01-15,2257,N07W93,320,120,Dao,5,3,Beta-Gamma,0.0,8.0,1.0,0.0
2,2015-01-15,2259,S15W13,240,260,Ekc,11,15,Beta-Gamma-Delta,0.0,4.0,0.0,0.0
3,2015-01-15,2260,N10W59,286,70,Cao,8,6,Beta,0.0,1.0,0.0,0.0
4,2015-01-15,2261,S11E04,223,30,Hsx,1,1,Alpha,0.0,0.0,0.0,0.0
5,2015-01-15,2262,S01W68,295,10,Axx,1,1,Alpha,0.0,0.0,0.0,0.0
0,2015-01-16,2259,S16W24,238,160,Dac,7,13,Beta-Delta,0.0,0.0,0.0,0.0
1,2015-01-16,2260,N09W74,288,60,Cso,8,4,Beta,0.0,0.0,0.0,0.0
2,2015-01-16,2261,S11W09,223,20,Hax,2,1,Alpha,0.0,0.0,0.0,0.0
3,2015-01-16,2263,N22E50,164,30,Cro,3,4,Beta,0.0,0.0,0.0,0.0
0,2015-01-17,2259,S17W36,237,130,Dai,6,13,Beta-Gamma,0.0,0.0,0.0,0.0
1,2015-01-17,2260,N09W86,287,30,Cao,5,4,Beta,0.0,1.0,0.0,0.0
2,2015-01-17,2261,S12W22,223,20,Hsx,2,2,Alpha,0.0,0.0,0.0,0.0
3,2015-01-17,2263,N22E36,165,30,Dro,5,5,Beta,0.0,0.0,0.0,0.0
4,2015-01-17,2264,N09E46,155,10,Axx,1,1,Alpha,0.0,0.0,0.0,0.0
0,2015-01-18,2259,S16W48,236,100,Dao,5,14,Beta,0.0,0.0,0.0,0.0
1,2015-01-18,2261,S11W34,222,10,Axx,1,1,Alpha,0.0,0.0,0.0,0.0
2,2015-01-18,2263,N22E21,167,10,Bxo,6,4,Beta,0.0,0.0,0.0,0.0
0,2015-01-19,2259,S16W62,237,90,Cso,3,5,Beta,0.0,1.0,0.0,0.0
1,2015-01-19,2261,S11W47,222,0,Axx,1,1,Alpha,0.0,0.0,0.0,0.0
2,2015-01-19,2263,N21E09,166,10,Bxo,3,2,Beta,0.0,0.0,0.0,0.0
3,2015-01-19,2265,S23E04,180,20,Cro,3,4,Beta,0.0,0.0,0.0,0.0
4,2015-01-19,2266,S06E11,164,30,Cri,5,13,Beta,0.0,0.0,0.0,0.0
0,2015-01-20,2259,S16W74,235,70,Hsx,2,1,Alpha,0.0,1.0,0.0,0.0
1,2015-01-20,2265,S23W10,172,20,Cao,4,4,Beta,0.0,0.0,0.0,0.0
2,2015-01-20,2266,S06W03,165,130,Dai,6,16,Beta-Gamma,0.0,2.0,0.0,0.0
3,2015-01-20,2267,N18E58,104,30,Hax,1,1,Alpha,0.0,0.0,0.0,0.0
0,2015-01-21,2259,S15W89,237,40,Hsx,3,1,Alpha,1.0,0.0,0.0,0.0
1,2015-01-21,2265,S21W24,172,20,Cro,2,1,Beta,0.0,0.0,0.0,0.0
2,2015-01-21,2266,S06W18,167,120,Dso,7,14,Beta,0.0,1.0,0.0,0.0
3,2015-01-21,2267,N18E44,105,30,Hrx,1,1,Alpha,0.0,0.0,0.0,0.0
0,2015-01-22,2265,S21W36,171,10,Hrx,4,2,Alpha,0.0,0.0,0.0,0.0
1,2015-01-22,2266,S06W31,166,130,Dao,9,17,Beta,0.0,0.0,0.0,0.0
2,2015-01-22,2267,N18E32,103,20,Hrx,1,1,Alpha,0.0,0.0,0.0,0.0
0,2015-01-23,2265,S21W51,173,10,Axx,1,1,Alpha,0.0,0.0,0.0,0.0
1,2015-01-23,2266,S04W45,167,110,Dao,9,7,Beta,0.0,0.0,0.0,0.0
2,2015-01-23,2267,N18E17,105,10,Hrx,1,2,Alpha,0.0,0.0,0.0,0.0
3,2015-01-23,2268,S10E67,54,230,Dao,3,1,Beta,0.0,3.0,1.0,0.0
4,2015-01-23,2269,N08E36,85,10,Bxo,3,2,Beta,0.0,0.0,0.0,0.0
0,2015-01-24,2266,S05W58,167,80,Dso,9,4,Beta,0.0,0.0,0.0,0.0
1,2015-01-24,2267,N18E06,103,10,Cro,3,2,Beta,0.0,0.0,0.0,0.0
2,2015-01-24,2268,S10E60,49,420,Ekc,14,7,Beta-Gamma,2.0,4.0,0.0,0.0
3,2015-01-24,2269,N08E22,87,10,Bxo,4,5,Beta,0.0,0.0,0.0,0.0
4,2015-01-24,2270,S18E55,54,10,Axx,1,2,Alpha,0.0,2.0,0.0,0.0
0,2015-01-25,2266,S05W70,166,60,Dso,7,3,Beta,0.0,0.0,0.0,0.0
1,2015-01-25,2267,N18W07,103,10,Bxo,4,2,Beta,1.0,0.0,0.0,0.0
2,2015-01-25,2268,S10E48,48,460,Ekc,15,8,Beta-Gamma,2.0,2.0,0.0,0.0
3,2015-01-25,2269,N09E09,87,10,Bxo,4,4,Beta,0.0,0.0,0.0,0.0
0,2015-01-26,2266,S05W84,167,50,Cao,8,3,Beta,0.0,0.0,0.0,0.0
1,2015-01-26,2268,S10E35,48,360,Eki,15,10,Beta-Gamma,1.0,1.0,0.0,0.0
2,2015-01-26,2269,N09W06,89,10,Bxo,6,3,Beta,0.0,0.0,0.0,0.0
3,2015-01-26,2271,N18E09,74,40,Cao,6,9,Beta,0.0,0.0,0.0,0.0
0,2015-01-27,2268,S11E22,46,430,Eki,15,16,Beta-Gamma,1.0,4.0,1.0,0.0
1,2015-01-27,2269,N07W22,91,30,Cro,5,3,Beta,0.0,0.0,0.0,0.0
2,2015-01-27,2271,N17W04,73,60,Dai,5,10,Beta-Gamma,0.0,2.0,0.0,0.0
3,2015-01-27,2272,N13E60,10,30,Cao,3,2,Beta,0.0,0.0,0.0,0.0
4,2015-01-27,2273,S03E03,67,10,Bxo,3,3,Beta,0.0,0.0,0.0,0.0
5,2015-01-27,2274,S03W05,74,10,Bxo,3,3,Beta,0.0,0.0,0.0,0.0
6,2015-01-27,2275,S16W14,83,10,Cso,3,3,Beta,0.0,0.0,0.0,0.0
0,2015-01-28,2268,S10E09,46,480,Fkc,16,24,Beta-Gamma,0.0,2.0,0.0,0.0
1,2015-01-28,2269,N07W36,91,20,Cai,6,5,Beta,0.0,0.0,0.0,0.0
2,2015-01-28,2271,N18W18,74,120,Dai,8,10,Beta-Gamma,0.0,0.0,0.0,0.0
3,2015-01-28,2272,N13E49,6,40,Cso,6,3,Beta,0.0,0.0,0.0,0.0
4,2015-01-28,2273,S03W12,67,90,Dao,5,6,Beta,0.0,1.0,0.0,0.0
5,2015-01-28,2275,S17W26,82,90,Dai,4,11,Beta-Gamma,0.0,0.0,0.0,0.0
0,2015-01-29,2268,S10W05,48,410,Fkc,16,29,Beta-Gamma,0.0,3.0,1.0,0.0
1,2015-01-29,2269,N07W51,94,10,Axx,6,1,Alpha,0.0,0.0,0.0,0.0
2,2015-01-29,2271,N18W30,73,110,Dai,8,10,Beta-Gamma,0.0,0.0,0.0,0.0
3,2015-01-29,2272,N12E31,9,30,Hax,2,1,Alpha,0.0,0.0,0.0,0.0
4,2015-01-29,2273,N03W26,69,50,Cao,5,4,Beta,0.0,0.0,0.0,0.0
5,2015-01-29,2275,S17W40,83,200,Dai,6,11,Beta-Gamma,0.0,0.0,0.0,0.0
6,2015-01-29,2276,S07E25,18,10,Bxo,3,3,Beta,0.0,1.0,0.0,0.0
7,2015-01-29,2277,N07E67,336,30,Hax,2,1,Alpha,0.0,1.0,1.0,0.0
0,2015-01-30,2268,S10W17,47,510,Fhc,16,35,Beta-Gamma,0.0,2.0,1.0,0.0
1,2015-01-30,2271,N17W44,74,170,Dac,10,20,Beta-Gamma,0.0,1.0,0.0,0.0
2,2015-01-30,2272,N12E18,12,20,Hax,2,2,Alpha,0.0,0.0,0.0,0.0
3,2015-01-30,2273,S04W41,71,40,Cao,2,5,Beta,0.0,0.0,0.0,0.0
4,2015-01-30,2275,S17W53,83,140,Dao,6,10,Beta-Gamma,0.0,0.0,0.0,0.0
5,2015-01-30,2276,S07E12,18,10,Bxo,5,6,Beta,0.0,1.0,0.0,0.0
6,2015-01-30,2277,N07E61,329,260,Fhc,20,17,Beta-Gamma,0.0,12.0,0.0,0.0
7,2015-01-30,2278,S09E24,6,10,Bxo,6,6,Beta,0.0,0.0,0.0,0.0
0,2015-01-31,2268,S10W31,48,500,Fhc,17,38,Beta-Gamma,0.0,1.0,2.0,0.0
1,2015-01-31,2271,N17W58,75,230,Dac,10,13,Beta-Gamma,0.0,1.0,0.0,0.0
2,2015-01-31,2272,N12E05,12,20,Hax,1,1,Alpha,0.0,0.0,0.0,0.0
3,2015-01-31,2273,S03W55,72,30,Cao,5,5,Beta,0.0,0.0,0.0,0.0
4,2015-01-31,2275,S17W67,84,140,Dao,6,7,Beta,0.0,0.0,0.0,0.0
5,2015-01-31,2276,S07W01,18,10,Bxo,3,3,Beta,0.0,1.0,0.0,0.0
6,2015-01-31,2277,N08E47,330,510,Fkc,21,41,Beta-Gamma,0.0,1.0,1.0,0.0
7,2015-01-31,2278,S08E10,7,10,Bxo,5,5,Beta,0.0,0.0,0.0,0.0
0,2015-02-01,2268,S10W44,48,480,Fkc,18,23,Beta-Gamma,0.0,2.0,0.0,0.0
1,2015-02-01,2271,N17W70,74,220,Eao,11,6,Beta,1.0,0.0,0.0,0.0
2,2015-02-01,2272,N12W09,13,20,Hax,1,1,Alpha,0.0,0.0,0.0,0.0
3,2015-02-01,2273,S03W69,73,20,Hrx,1,2,Alpha,0.0,0.0,0.0,0.0
4,2015-02-01,2275,S17W80,84,80,Dao,8,5,Beta,0.0,1.0,0.0,0.0
5,2015-02-01,2276,S07W16,20,10,Bxo,3,3,Beta,0.0,0.0,0.0,0.0
6,2015-02-01,2277,N08E33,331,480,Fkc,22,32,Beta-Gamma,0.0,2.0,0.0,0.0
7,2015-02-01,2278,S08W04,8,10,Axx,1,1,Alpha,0.0,0.0,0.0,0.0
0,2015-02-02,2268,S11W57,48,320,Fki,18,18,Beta-Gamma,0.0,3.0,0.0,0.0
1,2015-02-02,2271,N18W84,75,180,Eao,12,3,Beta,0.0,0.0,0.0,0.0
2,2015-02-02,2272,N13W22,13,20,Hrx,1,2,Alpha,0.0,0.0,0.0,0.0
3,2015-02-02,2273,S03W82,73,10,Axx,1,1,Alpha,0.0,0.0,0.0,0.0
4,2015-02-02,2275,S17W94,85,60,Cao,7,2,Beta,0.0,1.0,0.0,0.0
5,2015-02-02,2277,N08E20,331,440,Fkc,26,46,Beta-Gamma,0.0,2.0,0.0,0.0
0,2015-02-03,2268,S11W71,48,220,Fai,17,12,Beta-Gamma,0.0,0.0,0.0,0.0
1,2015-02-03,2272,N13W36,13,10,Axx,1,3,Alpha,0.0,0.0,0.0,0.0
2,2015-02-03,2277,N08E06,331,400,Fki,27,40,Beta,0.0,2.0,0.0,0.0
3,2015-02-03,2279,S19W58,35,30,Cro,4,6,Beta,0.0,0.0,0.0,0.0
4,2015-02-03,2280,S09E55,282,20,Bxo,5,6,Beta,0.0,1.0,0.0,0.0
0,2015-02-04,2268,S11W85,49,220,Fai,17,12,Beta-Gamma,0.0,0.0,0.0,0.0
1,2015-02-04,2277,N09W06,329,440,Fko,28,36,Beta-Gamma,0.0,5.0,0.0,0.0
2,2015-02-04,2279,S21W71,34,30,Cro,6,3,Beta,0.0,0.0,0.0,0.0
3,2015-02-04,2280,S06E42,281,80,Dai,5,10,Beta,0.0,2.0,0.0,0.0
4,2015-02-04,2281,N13E75,249,60,Cao,2,1,Beta,0.0,0.0,0.0,0.0
0,2015-02-05,2277,N08W18,328,490,Fki,28,34,Beta-Gamma,0.0,1.0,1.0,0.0
1,2015-02-05,2279,S19W85,35,10,Axx,1,1,Alpha,0.0,0.0,0.0,0.0
2,2015-02-05,2280,S08E30,280,150,Dac,10,7,Beta,0.0,1.0,0.0,0.0
3,2015-02-05,2281,N13E61,249,50,Cao,10,3,Beta,0.0,0.0,0.0,0.0
0,2015-02-06,2277,S08W32,330,340,Fki,28,42,Beta-Gamma,0.0,3.0,0.0,0.0
1,2015-02-06,2280,S08E15,283,140,Dac,10,9,Beta-Gamma,0.0,0.0,0.0,0.0
2,2015-02-06,2281,N13E46,252,80,Cao,10,5,Beta,0.0,0.0,0.0,0.0
0,2015-02-07,2277,N09W44,329,200,Fai,28,20,Beta-Gamma,0.0,1.0,0.0,0.0
1,2015-02-07,2280,S07E01,284,160,Dac,10,16,Beta-Gamma,0.0,1.0,0.0,0.0
2,2015-02-07,2281,N14E34,251,80,Cao,8,5,Beta,0.0,1.0,0.0,0.0
0,2015-02-08,2277,N09W57,329,200,Fai,27,14,Beta-Gamma,0.0,2.0,0.0,0.0
1,2015-02-08,2280,S08W13,285,180,Dac,9,19,Beta-Gamma,0.0,2.0,0.0,0.0
2,2015-02-08,2281,N13E23,249,70,Dao,4,6,Beta-Gamma,0.0,0.0,0.0,0.0
3,2015-02-08,2282,N15E76,196,30,Hsx,2,1,Alpha,0.0,0.0,0.0,0.0
0,2015-02-09,2277,N09W70,328,100,Fai,25,14,Beta-Gamma,0.0,3.0,0.0,0.0
1,2015-02-09,2280,S07W25,283,210,Dac,9,28,Beta-Gamma-Delta,0.0,3.0,0.0,0.0
2,2015-02-09,2281,N14E09,249,110,Dac,6,10,Beta-Gamma,0.0,0.0,0.0,0.0
3,2015-02-09,2282,N15E65,193,90,Cao,3,2,Beta,0.0,1.0,0.0,0.0
0,2015-02-10,2277,N09W83,328,50,Cso,5,8,Beta,0.0,0.0,0.0,0.0
1,2015-02-10,2280,S07W40,285,260,Ekc,11,16,Beta-Gamma-Delta,0.0,4.0,0.0,0.0
2,2015-02-10,2281,N14W06,251,50,Dac,8,11,Beta-Gamma,0.0,2.0,0.0,0.0
3,2015-02-10,2282,N14E51,194,110,Dso,3,7,Beta,0.0,2.0,1.0,0.0
0,2015-02-11,2277,N08W94,326,30,Hsx,3,1,Alpha,0.0,1.0,0.0,0.0
1,2015-02-11,2280,S07W53,284,300,Ekc,11,17,Beta-Gamma-Delta,0.0,3.0,0.0,0.0
2,2015-02-11,2281,N12W20,252,60,Eac,11,14,Beta-Gamma,0.0,0.0,0.0,0.0
3,2015-02-11,2282,N11E48,184,220,Dso,9,10,Beta-Gamma,0.0,1.0,0.0,0.0
0,2015-02-12,2280,S07W66,284,240,Dac,10,16,Beta,0.0,0.0,0.0,0.0
1,2015-02-12,2281,N13W34,252,20,Cao,14,17,Beta,0.0,0.0,0.0,0.0
2,2015-02-12,2282,N11E31,187,250,Eho,13,13,Beta,0.0,2.0,0.0,0.0
0,2015-02-13,2280,S06W81,287,140,Cso,6,3,Beta,0.0,1.0,0.0,0.0
1,2015-02-13,2282,N10E16,190,240,Eso,13,15,Beta-Gamma,2.0,1.0,0.0,0.0
2,2015-02-13,2283,N06W11,217,20,Cro,3,2,Beta,0.0,0.0,0.0,0.0
0,2015-02-14,2280,S09W95,288,30,Cso,2,2,Beta,0.0,0.0,0.0,0.0
1,2015-02-14,2282,N10E04,189,220,Csi,12,10,Beta-Gamma,1.0,0.0,0.0,0.0
2,2015-02-14,2283,N06W24,217,10,Bxo,3,4,Beta,0.0,0.0,0.0,0.0
3,2015-02-14,2284,N14E56,137,30,Cro,4,3,Beta,0.0,0.0,0.0,0.0
0,2015-02-15,2282,N11W09,188,220,Csi,11,13,Beta-Gamma,1.0,0.0,0.0,0.0
1,2015-02-15,2283,N07W38,217,10,Axx,1,1,Alpha,0.0,0.0,0.0,0.0
2,2015-02-15,2284,N13E43,136,20,Cro,6,5,Beta,1.0,0.0,0.0,0.0
0,2015-02-16,2282,N11W24,190,210,Cso,10,8,Beta,1.0,0.0,0.0,0.0
1,2015-02-16,2284,N14E29,137,10,Bxo,6,2,Beta,0.0,0.0,0.0,0.0
2,2015-02-16,2285,S09W14,180,20,Cro,3,5,Beta,0.0,0.0,0.0,0.0
0,2015-02-17,2282,N11W37,190,210,Cso,9,10,Beta,1.0,0.0,0.0,0.0
1,2015-02-17,2284,N15E16,137,0,Axx,1,1,Alpha,0.0,0.0,0.0,0.0
2,2015-02-17,2285,S09W29,182,10,Bxo,2,3,Beta,0.0,0.0,0.0,0.0
0,2015-02-18,2282,N11W51,191,170,Cao,8,7,Beta,1.0,0.0,0.0,0.0
1,2015-02-18,2284,N14E04,136,0,Axx,1,1,Alpha,0.0,0.0,0.0,0.0
2,2015-02-18,2285,S08W43,183,10,Axx,1,2,Alpha,0.0,0.0,0.0,0.0
0,2015-02-19,2282,N11W64,191,140,Cao,7,6,Beta,0.0,1.0,0.0,0.0
1,2015-02-19,2284,N14W09,136,0,Axx,1,1,Alpha,0.0,0.0,0.0,0.0
2,2015-02-19,2286,S18W66,193,30,Cao,2,4,Beta,0.0,0.0,0.0,0.0
3,2015-02-19,2287,N14E21,106,30,Dro,4,6,Beta,1.0,0.0,0.0,0.0
4,2015-02-19,2288,S07W39,165,30,Cro,4,6,Beta,0.0,0.0,0.0,0.0
5,2015-02-19,2289,S07E69,58,10,Axx,0,1,Alpha,2.0,0.0,0.0,0.0
6,2015-02-19,2290,N19E70,57,10,Axx,1,1,Alpha,0.0,0.0,0.0,0.0
0,2015-02-20,2282,N10W76,188,90,Hsx,6,2,Alpha,0.0,1.0,0.0,0.0
1,2015-02-20,2286,S20W80,192,30,Hsx,2,2,Alpha,0.0,0.0,0.0,0.0
2,2015-02-20,2287,N14E08,104,50,Dsi,6,10,Beta,0.0,0.0,0.0,0.0
3,2015-02-20,2288,S07W52,164,30,Dso,5,4,Beta,0.0,0.0,0.0,0.0
4,2015-02-20,2289,S07E55,57,10,Axx,1,1,Alpha,1.0,0.0,0.0,0.0
5,2015-02-20,2290,N19E54,58,30,Dro,5,7,Beta,0.0,0.0,0.0,0.0
0,2015-02-21,2287,N14W04,104,30,Cri,8,5,Beta,1.0,0.0,0.0,0.0
1,2015-02-21,2288,S08W66,166,40,Cao,6,4,Beta,0.0,0.0,0.0,0.0
2,2015-02-21,2289,S07E43,57,10,Axx,1,1,Alpha,0.0,0.0,0.0,0.0
3,2015-02-21,2290,N19E43,57,20,Dri,4,3,Beta,0.0,0.0,0.0,0.0
0,2015-02-22,2287,N14W18,105,30,Dro,7,5,Beta,0.0,0.0,0.0,0.0
1,2015-02-22,2288,S08W80,167,40,Cao,8,5,Beta,0.0,0.0,0.0,0.0
2,2015-02-22,2289,S07E29,58,10,Axx,1,1,Alpha,0.0,0.0,0.0,0.0
3,2015-02-22,2290,N19E31,56,30,Dro,7,3,Beta,0.0,0.0,0.0,0.0
0,2015-02-23,2287,N15W33,107,20,Cro,4,3,Beta,0.0,0.0,0.0,0.0
1,2015-02-23,2289,S07E17,57,10,Axx,1,1,Alpha,0.0,0.0,0.0,0.0
2,2015-02-23,2290,N20E18,56,30,Dro,7,3,Beta,0.0,0.0,0.0,0.0
3,2015-02-23,2291,N13W02,76,10,Axx,3,2,Alpha,0.0,0.0,0.0,0.0
0,2015-02-24,2287,N14W46,107,30,Cro,5,4,Beta,0.0,0.0,0.0,0.0
1,2015-02-24,2290,N20E05,56,40,Dao,6,8,Beta,0.0,0.0,0.0,0.0
2,2015-02-24,2292,S09E50,11,10,Bxo,2,2,Beta,3.0,0.0,0.0,0.0
0,2015-02-25,2287,N14W59,106,30,Cro,7,6,Beta,0.0,0.0,0.0,0.0
1,2015-02-25,2289,S09W10,57,10,Bxo,6,4,Beta,0.0,0.0,0.0,0.0
2,2015-02-25,2290,N20W08,55,70,Dai,7,11,Beta,0.0,0.0,0.0,0.0
3,2015-02-25,2292,S09E38,9,10,Bxo,2,2,Beta,0.0,0.0,0.0,0.0
0,2015-02-26,2287,N14W72,107,10,Axx,7,5,Alpha,0.0,0.0,0.0,0.0
1,2015-02-26,2289,S10W23,58,10,Axx,2,2,Alpha,0.0,0.0,0.0,0.0
2,2015-02-26,2290,N19W22,57,70,Dao,8,15,Beta,0.0,0.0,0.0,0.0
3,2015-02-26,2292,S08E25,10,10,Axx,1,2,Alpha,0.0,0.0,0.0,0.0
0,2015-02-27,2289,S10W37,58,10,Axx,2,2,Alpha,0.0,0.0,0.0,0.0
1,2015-02-27,2290,N19W36,57,50,Cao,8,5,Beta,0.0,0.0,0.0,0.0
2,2015-02-27,2293,N06E42,339,10,Axx,2,2,Alpha,2.0,0.0,0.0,0.0
0,2015-02-28,2290,N19W50,58,30,Cro,8,3,Beta,0.0,1.0,0.0,0.0
1,2015-02-28,2293,N06E29,339,90,Dac,7,10,Beta-Delta,0.0,0.0,0.0,0.0
2,2015-02-28,2294,S14W14,22,80,Dai,9,15,Beta-Gamma,1.0,0.0,0.0,0.0
0,2015-03-01,2290,N22W63,58,40,Cao,8,3,Beta,0.0,4.0,0.0,0.0
1,2015-03-01,2292,S09W16,11,10,Axx,1,1,Alpha,0.0,0.0,0.0,0.0
2,2015-03-01,2293,N06E15,340,80,Dac,7,16,Beta-Gamma,1.0,0.0,0.0,0.0
3,2015-03-01,2294,S14W28,23,90,Dai,6,10,Beta-Gamma,0.0,3.0,0.0,0.0
0,2015-03-02,2290,N20W83,65,40,Hsx,4,2,Alpha,1.0,3.0,0.0,0.0
1,2015-03-02,2292,S09W31,13,30,Dai,5,5,Beta,0.0,0.0,0.0,0.0
2,2015-03-02,2293,N06E02,340,80,Dac,9,15,Beta-Gamma,0.0,0.0,0.0,0.0
3,2015-03-02,2294,S14W43,25,60,Bxo,6,4,Beta,0.0,0.0,0.0,0.0
0,2015-03-03,2290,N22W94,63,30,Hsx,6,1,Alpha,0.0,11.0,4.0,0.0
1,2015-03-03,2292,S08W44,12,70,Dai,6,8,Beta,0.0,0.0,0.0,0.0
2,2015-03-03,2293,N06W12,340,60,Dai,10,15,Beta,0.0,0.0,0.0,0.0
3,2015-03-03,2294,S14W56,24,10,Axx,1,1,Alpha,0.0,0.0,0.0,0.0
0,2015-03-04,2292,S08W59,14,90,Dac,8,11,Beta,0.0,2.0,0.0,0.0
1,2015-03-04,2293,N06W26,341,50,Dao,8,7,Beta,0.0,0.0,0.0,0.0
0,2015-03-05,2292,S08W70,12,180,Cai,8,13,Beta,0.0,2.0,0.0,0.0
1,2015-03-05,2293,N05W38,340,70,Cao,10,10,Beta,0.0,1.0,0.0,0.0
0,2015-03-06,2293,N05W53,342,65,Cao,10,9,Beta,0.0,1.0,0.0,0.0
1,2015-03-06,2295,S08W53,342,10,Bxo,2,2,Beta,0.0,0.0,0.0,0.0
0,2015-03-07,2293,N05W68,344,10,Axx,3,4,Alpha,0.0,0.0,0.0,0.0
1,2015-03-07,2296,S11E24,252,10,Bxo,2,2,Beta,0.0,0.0,0.0,0.0
2,2015-03-07,2297,S17E81,195,30,Hrx,3,1,Alpha,0.0,6.0,2.0,0.0
0,2015-03-08,2297,S17E66,197,180,Dsi,9,10,Beta-Gamma,0.0,4.0,1.0,0.0
0,2015-03-09,2297,S17E52,198,260,Dhc,10,13,Beta-Gamma-Delta,0.0,2.0,0.0,0.0
0,2015-03-10,2297,S16E39,196,260,Dac,10,19,Beta-Delta,2.0,10.0,2.0,0.0
0,2015-03-11,2297,S16E26,197,280,Dkc,10,32,Beta-Gamma-Delta,4.0,13.0,2.0,0.0
0,2015-03-12,2297,S16E14,196,350,Dkc,8,19,Beta-Gamma-Delta,0.0,12.0,3.0,1.0
1,2015-03-12,2298,S11W38,248,10,Bxo,3,3,Beta,0.0,0.0,0.0,0.0
0,2015-03-13,2297,S16W00,197,340,Dkc,9,20,Beta-Gamma-Delta,1.0,8.0,5.0,0.0
1,2015-03-13,2298,S11W52,249,10,Cro,4,3,Beta,0.0,0.0,0.0,0.0
2,2015-03-13,2299,S07E60,137,10,Cro,2,3,Beta,0.0,2.0,0.0,0.0
0,2015-03-14,2297,S17W13,196,420,Dkc,10,23,Beta-Gamma-Delta,0.0,6.0,2.0,0.0
1,2015-03-14,2298,S11W66,249,10,Axx,5,3,Alpha,0.0,0.0,0.0,0.0
2,2015-03-14,2299,S07E47,136,10,Bxo,5,4,Beta,0.0,0.0,0.0,0.0
3,2015-03-14,2300,N13W51,234,10,Bxo,3,3,Beta,0.0,0.0,0.0,0.0
4,2015-03-14,2301,S16E13,170,20,Cro,3,4,Beta,0.0,0.0,0.0,0.0
0,2015-03-15,2297,S17W25,196,320,Ekc,13,21,Beta-Gamma-Delta,2.0,12.0,1.0,0.0
1,2015-03-15,2299,S05E32,139,10,Axx,1,1,Alpha,0.0,0.0,0.0,0.0
2,2015-03-15,2301,S16W00,171,20,Cro,3,4,Beta,0.0,0.0,0.0,0.0
0,2015-03-16,2297,S18W38,195,370,Ekc,13,21,Beta-Gamma-Delta,1.0,7.0,2.0,0.0
1,2015-03-16,2299,S05E19,138,10,Axx,1,1,Alpha,0.0,0.0,0.0,0.0
2,2015-03-16,2301,S17W13,170,10,Bxo,2,2,Beta,0.0,0.0,0.0,0.0
0,2015-03-17,2297,S17W52,196,380,Ekc,11,24,Beta-Gamma-Delta,6.0,6.0,1.0,0.0
1,2015-03-17,2299,S04E05,139,0,Axx,1,1,Alpha,0.0,0.0,0.0,0.0
2,2015-03-17,2301,S16W27,171,10,Axx,1,2,Alpha,0.0,0.0,0.0,0.0
0,2015-03-18,2297,S16W64,194,390,Fkc,16,17,Beta-Gamma-Delta,0.0,1.0,1.0,0.0
1,2015-03-18,2301,S16W41,172,10,Axx,1,1,Alpha,0.0,0.0,0.0,0.0
2,2015-03-18,2302,N10W54,184,10,Cri,1,1,Beta,0.0,0.0,0.0,0.0
3,2015-03-18,2303,N19E65,66,400,Hkx,2,1,Alpha,0.0,0.0,0.0,0.0
0,2015-03-19,2297,S17W77,193,290,Ekc,12,6,Beta-Gamma-Delta,1.0,6.0,0.0,0.0
1,2015-03-19,2302,N10W79,195,80,Cai,7,9,Beta-Gamma,0.0,12.0,0.0,0.0
2,2015-03-19,2303,N19E51,67,100,Hax,2,1,Alpha,0.0,0.0,0.0,0.0
0,2015-03-20,2297,S17W88,193,250,Cko,12,6,Beta-Gamma,0.0,1.0,0.0,0.0
1,2015-03-20,2299,S04W38,143,10,Bxo,3,2,Beta,0.0,0.0,0.0,0.0
2,2015-03-20,2302,N12W84,189,80,Cai,7,8,Beta-Gamma,1.0,1.0,0.0,0.0
3,2015-03-20,2303,N18E39,65,70,Hax,3,2,Alpha,0.0,0.0,0.0,0.0
4,2015-03-20,2304,N17W31,135,10,Cro,2,3,Beta,0.0,0.0,0.0,0.0
0,2015-03-21,2303,N19E25,66,110,Hsx,2,2,Alpha,0.0,0.0,0.0,0.0
1,2015-03-21,2304,N16W45,136,10,Bxo,4,5,Beta,0.0,0.0,0.0,0.0
0,2015-03-22,2303,N19E11,67,120,Hsx,2,1,Alpha,0.0,0.0,0.0,0.0
1,2015-03-22,2305,S08E67,11,120,Dao,4,5,Beta,0.0,0.0,0.0,0.0
2,2015-03-22,2306,S17W52,130,20,Cro,3,4,Beta,0.0,0.0,0.0,0.0
0,2015-03-23,2303,N20W02,67,100,Cso,3,4,Beta,0.0,0.0,0.0,0.0
1,2015-03-23,2305,S08E58,7,220,Eac,11,10,Beta-Gamma,0.0,0.0,0.0,0.0
2,2015-03-23,2306,S18W66,131,10,Bxo,2,2,Beta,0.0,0.0,0.0,0.0
3,2015-03-23,2307,S18E24,41,20,Cro,4,5,Beta,0.0,0.0,0.0,0.0
4,2015-03-23,2308,N17W46,111,20,Cao,4,4,Beta,0.0,0.0,0.0,0.0
5,2015-03-23,2309,N11W11,76,10,Bxo,4,3,Beta,0.0,0.0,0.0,0.0
0,2015-03-24,2303,N20W15,66,90,Cso,2,3,Beta,0.0,0.0,0.0,0.0
1,2015-03-24,2305,S08E44,8,310,Ekc,11,15,Beta-Gamma,1.0,0.0,0.0,0.0
2,2015-03-24,2307,S18E09,43,20,Cro,6,3,Beta,0.0,0.0,0.0,0.0
3,2015-03-24,2308,N17W59,111,40,Cao,7,5,Beta,0.0,0.0,0.0,0.0
4,2015-03-24,2309,N15W24,76,20,Cro,3,3,Beta,0.0,0.0,0.0,0.0
5,2015-03-24,2310,N05E54,358,20,Cao,1,5,Beta,0.0,0.0,0.0,0.0
6,2015-03-24,2311,N11W47,98,30,Hrx,2,3,Alpha,0.0,0.0,0.0,0.0
7,2015-03-24,2312,N08E68,343,10,Axx,2,2,Alpha,0.0,0.0,0.0,0.0
0,2015-03-25,2303,N19W30,69,100,Cao,5,7,Beta,0.0,0.0,0.0,0.0
1,2015-03-25,2305,S08E32,7,340,Ekc,13,15,Beta-Gamma-Delta,0.0,0.0,0.0,0.0
2,2015-03-25,2307,S19W04,43,10,Bxo,3,3,Beta,0.0,0.0,0.0,0.0
3,2015-03-25,2308,N16W75,114,50,Hax,4,1,Alpha,0.0,0.0,0.0,0.0
4,2015-03-25,2309,N14W36,75,0,Axx,1,1,Alpha,0.0,0.0,0.0,0.0
5,2015-03-25,2310,N06E41,358,20,Cao,3,4,Beta,0.0,0.0,0.0,0.0
6,2015-03-25,2311,N11W60,99,0,Axx,1,2,Alpha,0.0,0.0,0.0,0.0
7,2015-03-25,2312,N08E54,345,30,Cao,3,3,Beta,1.0,0.0,0.0,0.0
8,2015-03-25,2313,N18E63,336,30,Hsx,2,1,Alpha,0.0,0.0,0.0,0.0
0,2015-03-26,2303,N20W42,67,80,Cao,8,4,Beta,0.0,0.0,0.0,0.0
1,2015-03-26,2305,S08E19,7,400,Ekc,15,26,Beta-Gamma-Delta,0.0,8.0,0.0,0.0
2,2015-03-26,2307,S18W17,43,20,Cro,4,6,Beta,0.0,0.0,0.0,0.0
3,2015-03-26,2308,N15W88,114,50,Hsx,2,1,Alpha,0.0,0.0,0.0,0.0
4,2015-03-26,2310,N06E27,359,20,Cao,2,2,Beta,0.0,0.0,0.0,0.0
5,2015-03-26,2312,N08E38,348,30,Cao,2,5,Beta,0.0,0.0,0.0,0.0
6,2015-03-26,2313,N17E50,336,50,Hsx,2,1,Alpha,0.0,0.0,0.0,0.0
0,2015-03-27,2303,N20W54,66,70,Hsx,2,2,Alpha,1.0,0.0,0.0,0.0
1,2015-03-27,2305,S08E05,7,390,Cki,14,16,Beta-Gamma,3.0,4.0,0.0,0.0
2,2015-03-27,2307,S18W29,41,30,Cro,4,5,Beta,0.0,0.0,0.0,0.0
3,2015-03-27,2310,N05E14,358,10,Axx,1,2,Alpha,0.0,0.0,0.0,0.0
4,2015-03-27,2312,N08E26,346,20,Cro,3,4,Beta,3.0,0.0,0.0,0.0
5,2015-03-27,2313,N17E38,334,50,Hax,2,1,Alpha,0.0,0.0,0.0,0.0
6,2015-03-27,2314,S23E66,306,20,Cro,3,3,Beta,0.0,0.0,0.0,0.0
0,2015-03-28,2303,N18W66,65,50,Cao,5,1,Beta,0.0,1.0,0.0,0.0
1,2015-03-28,2305,S09W10,9,410,Eki,13,17,Beta-Gamma,0.0,0.0,0.0,0.0
2,2015-03-28,2307,S19W39,38,10,Bxo,1,3,Beta,0.0,0.0,0.0,0.0
3,2015-03-28,2309,N14W79,78,60,Dao,6,2,Beta,0.0,4.0,0.0,0.0
4,2015-03-28,2310,N04E01,358,10,Bxo,1,2,Beta,0.0,0.0,0.0,0.0
5,2015-03-28,2312,N08E12,347,10,Axx,0,1,Alpha,0.0,0.0,0.0,0.0
6,2015-03-28,2313,N17E26,333,30,Hsx,1,1,Alpha,0.0,0.0,0.0,0.0
7,2015-03-28,2314,S21E54,305,20,Cro,2,2,Beta,0.0,0.0,0.0,0.0
0,2015-03-29,2303,N18W78,63,50,Dao,6,3,Beta,0.0,4.0,0.0,0.0
1,2015-03-29,2305,S08W19,4,410,Eki,14,22,Beta-Gamma,0.0,2.0,0.0,0.0
2,2015-03-29,2309,N15W87,72,80,Dao,5,4,Beta,0.0,0.0,0.0,0.0
3,2015-03-29,2313,N17E11,334,30,Hax,1,1,Alpha,0.0,0.0,0.0,0.0
4,2015-03-29,2315,S19W16,360,10,Cao,2,2,Beta,0.0,0.0,0.0,0.0
0,2015-03-30,2303,N18W92,65,50,Dao,6,4,Beta,0.0,6.0,0.0,0.0
1,2015-03-30,2305,S10W36,9,340,Dho,10,7,Beta,0.0,1.0,0.0,0.0
2,2015-03-30,2313,N17W01,334,10,Hrx,1,1,Alpha,0.0,0.0,0.0,0.0
3,2015-03-30,2315,S20W29,2,30,Dro,5,8,Beta,0.0,1.0,0.0,0.0
4,2015-03-30,2316,S21E44,289,20,Bxo,6,3,Beta,0.0,0.0,0.0,0.0
0,2015-03-31,2305,S10W51,11,440,Dho,8,7,Beta,0.0,1.0,0.0,0.0
1,2015-03-31,2313,N17W15,335,10,Hrx,1,1,Alpha,0.0,0.0,0.0,0.0
2,2015-03-31,2315,S20W41,1,30,Cro,7,5,Beta,0.0,0.0,0.0,0.0
3,2015-03-31,2316,S21E30,290,10,Bxo,4,3,Beta,0.0,0.0,0.0,0.0
0,2015-04-01,2305,S11W64,10,310,Cho,8,6,Beta,0.0,0.0,0.0,0.0
1,2015-04-01,2313,N18W26,332,10,Bxo,3,3,Beta,0.0,0.0,0.0,0.0
2,2015-04-01,2315,S21W53,359,20,Cao,7,3,Beta,0.0,0.0,0.0,0.0
3,2015-04-01,2316,S21E16,290,10,Axx,1,1,Alpha,0.0,0.0,0.0,0.0
0,2015-04-02,2305,S10W80,13,470,Cho,6,2,Beta,0.0,0.0,0.0,0.0
1,2015-04-02,2312,N08W58,351,10,Bxo,2,3,Beta,0.0,0.0,0.0,0.0
2,2015-04-02,2315,S21W66,359,10,Bxo,3,6,Beta,0.0,0.0,0.0,0.0
3,2015-04-02,2316,S21E06,287,0,Axx,1,2,Alpha,0.0,0.0,0.0,0.0
4,2015-04-02,2317,N10W32,325,30,Dro,3,6,Beta,0.0,0.0,0.0,0.0
0,2015-04-03,2305,S09W91,11,220,Hsx,4,1,Alpha,0.0,0.0,0.0,0.0
1,2015-04-03,2317,N09W45,324,60,Dsi,5,10,Beta,0.0,0.0,0.0,0.0
0,2015-04-04,2317,N11W59,326,50,Dai,8,6,Beta,0.0,0.0,0.0,0.0
1,2015-04-04,2318,N09E69,198,20,Cro,4,3,Beta,0.0,0.0,0.0,0.0
0,2015-04-05,2317,N11W73,327,40,Cao,8,7,Beta,0.0,0.0,0.0,0.0
1,2015-04-05,2318,N09E57,197,40,Dao,7,6,Beta,2.0,1.0,0.0,0.0
2,2015-04-05,2319,S11E06,248,20,Cro,3,6,Beta,0.0,0.0,0.0,0.0
3,2015-04-05,2320,S12E40,214,30,Dao,4,9,Beta,2.0,1.0,0.0,0.0
0,2015-04-06,2317,N11W85,325,30,Hsx,1,1,Alpha,0.0,0.0,0.0,0.0
1,2015-04-06,2318,N10E41,199,50,Dao,8,9,Beta,0.0,0.0,0.0,0.0
2,2015-04-06,2319,S10W06,246,10,Axx,2,2,Alpha,0.0,0.0,0.0,0.0
3,2015-04-06,2320,S12E28,212,140,Dai,5,14,Beta,1.0,1.0,0.0,0.0
0,2015-04-07,2317,N09W90,317,30,Cao,3,2,Beta,0.0,0.0,0.0,0.0
1,2015-04-07,2318,N09E28,199,40,Cai,8,10,Beta,0.0,1.0,0.0,0.0
2,2015-04-07,2319,S10W22,249,0,Axx,2,2,Alpha,0.0,0.0,0.0,0.0
3,2015-04-07,2320,S12E16,211,150,Dai,8,24,Beta-Gamma,0.0,1.0,0.0,0.0
0,2015-04-08,2318,N07E17,196,100,Cao,8,4,Beta,1.0,0.0,0.0,0.0
1,2015-04-08,2320,S12E02,211,180,Dac,9,15,Beta-Delta,1.0,1.0,0.0,0.0
0,2015-04-09,2318,N08E02,198,30,Cao,8,4,Beta,0.0,0.0,0.0,0.0
1,2015-04-09,2320,S12W13,213,140,Eai,11,16,Beta-Delta,0.0,1.0,1.0,0.0
0,2015-04-10,2318,N08W08,195,10,Bxo,5,4,Beta,0.0,0.0,0.0,0.0
1,2015-04-10,2320,S12W25,212,140,Eac,11,13,Beta-Delta,8.0,5.0,0.0,0.0
0,2015-04-11,2318,N07W23,197,10,Axx,2,3,Alpha,0.0,0.0,0.0,0.0
1,2015-04-11,2320,S13W39,213,130,Dai,8,11,Beta-Delta,1.0,4.0,0.0,0.0
0,2015-04-12,2318,N08W38,199,10,Axx,1,1,Alpha,0.0,0.0,0.0,0.0
1,2015-04-12,2320,S14W50,211,90,Dai,7,12,Beta-Gamma,0.0,0.0,0.0,0.0
2,2015-04-12,2321,N12E68,93,200,Eac,11,5,Beta-Gamma,1.0,4.0,0.0,0.0
3,2015-04-12,2322,N14E40,121,20,Cro,3,2,Beta,1.0,0.0,0.0,0.0
4,2015-04-12,2323,S16W32,193,10,Bxo,3,4,Beta,0.0,0.0,0.0,0.0
0,2015-04-13,2320,S14W64,212,50,Dao,8,6,Beta,0.0,3.0,0.0,0.0
1,2015-04-13,2321,N13E54,94,610,Ekc,12,11,Beta-Gamma-Delta,0.0,6.0,1.0,0.0
2,2015-04-13,2322,N14E26,122,30,Dro,5,3,Beta,0.0,0.0,0.0,0.0
3,2015-04-13,2323,S16W48,196,30,Dro,4,4,Beta,0.0,1.0,0.0,0.0
0,2015-04-14,2320,S14W78,213,70,Dao,8,6,Beta,0.0,5.0,0.0,0.0
1,2015-04-14,2321,N13E40,95,620,Ekc,13,14,Beta-Gamma-Delta,0.0,1.0,0.0,0.0
2,2015-04-14,2322,N14E12,123,30,Dao,5,4,Beta,0.0,2.0,0.0,0.0
3,2015-04-14,2323,S16W62,197,20,Bxo,4,4,Beta,0.0,0.0,0.0,0.0
0,2015-04-15,2320,S14W92,214,70,Dao,8,3,Beta,0.0,0.0,0.0,0.0
1,2015-04-15,2321,N13E26,96,620,Ekc,13,14,Beta-Gamma,0.0,0.0,0.0,0.0
2,2015-04-15,2322,N14W02,124,20,Bxo,5,3,Beta,0.0,0.0,0.0,0.0
3,2015-04-15,2323,S16W76,198,60,Bxo,4,5,Beta,0.0,0.0,0.0,0.0
4,2015-04-15,2324,N19E59,62,390,Dki,4,11,Beta,0.0,0.0,0.0,0.0
5,2015-04-15,2325,N04E67,53,130,Hsx,3,1,Alpha,0.0,0.0,0.0,0.0
0,2015-04-16,2321,N12E16,93,480,Ekc,14,20,Beta-Gamma,0.0,2.0,0.0,0.0
1,2015-04-16,2322,N14W13,121,10,Bxo,5,3,Beta,0.0,0.0,0.0,0.0
2,2015-04-16,2323,S17W85,195,30,Hsx,1,1,Alpha,0.0,0.0,0.0,0.0
3,2015-04-16,2324,N18E46,62,430,Dko,4,7,Beta,0.0,0.0,0.0,0.0
4,2015-04-16,2325,N05E56,52,200,Cso,9,4,Beta,0.0,0.0,0.0,0.0
0,2015-04-17,2321,N12E02,93,380,Ekc,14,16,Beta-Gamma,0.0,4.0,0.0,0.0
1,2015-04-17,2322,N12W25,120,10,Bxo,5,2,Beta,0.0,0.0,0.0,0.0
2,2015-04-17,2324,N18E34,61,300,Dkc,5,6,Beta-Gamma,0.0,2.0,0.0,0.0
3,2015-04-17,2325,N05E44,51,200,Cso,5,4,Beta,0.0,1.0,0.0,0.0
4,2015-04-17,2326,N15E12,83,30,Cao,5,7,Beta,0.0,0.0,0.0,0.0
0,2015-04-18,2321,N11W08,90,320,Ekc,14,17,Beta-Gamma,0.0,0.0,0.0,0.0
1,2015-04-18,2324,N19E23,58,250,Cki,6,9,Beta,0.0,3.0,0.0,0.0
2,2015-04-18,2325,N04E32,49,140,Dai,6,8,Beta,0.0,3.0,0.0,0.0
3,2015-04-18,2326,N15W02,83,30,Cri,5,6,Beta,0.0,0.0,0.0,0.0
4,2015-04-18,2327,S10E70,12,140,Cso,3,3,Beta,0.0,0.0,0.0,0.0
0,2015-04-19,2321,N11W22,90,180,Eac,14,16,Beta-Gamma,0.0,2.0,0.0,0.0
1,2015-04-19,2322,N16W50,118,10,Bxo,2,2,Beta,0.0,0.0,0.0,0.0
2,2015-04-19,2324,N19E08,60,360,Dko,5,6,Beta-Gamma,1.0,0.0,0.0,0.0
3,2015-04-19,2325,N05E18,50,160,Cai,11,9,Beta,0.0,1.0,0.0,0.0
4,2015-04-19,2326,N15W16,85,10,Bxo,5,5,Beta,0.0,0.0,0.0,0.0
5,2015-04-19,2327,S09E57,11,140,Cso,3,2,Beta,0.0,0.0,0.0,0.0
6,2015-04-19,2328,S02W69,137,10,Bxo,5,4,Beta,0.0,0.0,0.0,0.0
0,2015-04-20,2321,N11W36,92,130,Eai,14,33,Beta-Gamma,0.0,1.0,0.0,0.0
1,2015-04-20,2322,N13W62,118,10,Bxo,4,3,Beta,0.0,0.0,0.0,0.0
2,2015-04-20,2324,N19W04,60,330,Cki,8,12,Beta,1.0,1.0,0.0,0.0
3,2015-04-20,2325,N05E06,50,220,Cai,10,12,Beta,0.0,0.0,0.0,0.0
4,2015-04-20,2327,S09E44,12,140,Cso,3,5,Beta,0.0,0.0,0.0,0.0
5,2015-04-20,2328,S01W84,140,10,Axx,1,1,Alpha,0.0,0.0,0.0,0.0
6,2015-04-20,2329,S08W48,104,40,Cso,6,6,Beta,0.0,0.0,0.0,0.0
0,2015-04-21,2321,N10W49,90,80,Cso,14,9,Beta,0.0,1.0,0.0,0.0
1,2015-04-21,2322,N11W71,112,30,Cro,3,3,Beta,0.0,0.0,0.0,0.0
2,2015-04-21,2324,N19W16,58,230,Dki,7,9,Beta,0.0,0.0,0.0,0.0
3,2015-04-21,2325,N05W09,51,220,Cko,10,8,Beta,0.0,0.0,0.0,0.0
4,2015-04-21,2326,N15W41,82,10,Axx,1,1,Alpha,0.0,0.0,0.0,0.0
5,2015-04-21,2327,S09E30,12,110,Cso,4,4,Beta,0.0,0.0,0.0,0.0
6,2015-04-21,2329,S08W62,104,40,Cro,6,8,Beta,0.0,0.0,0.0,0.0
7,2015-04-21,2330,N15E32,9,30,Dso,4,3,Beta,0.0,0.0,0.0,0.0
0,2015-04-22,2321,N07W58,87,30,Hsx,1,1,Alpha,0.0,0.0,0.0,0.0
1,2015-04-22,2322,N11W87,116,60,Dac,9,10,Beta,0.0,2.0,5.0,0.0
2,2015-04-22,2324,N19W33,62,170,Cai,11,16,Beta,0.0,1.0,0.0,0.0
3,2015-04-22,2325,N06W24,53,210,Dao,4,8,Beta,0.0,1.0,1.0,0.0
4,2015-04-22,2327,S10E17,12,90,Hsx,3,3,Alpha,0.0,0.0,0.0,0.0
5,2015-04-22,2329,S08W79,108,50,Cro,8,9,Beta,0.0,0.0,0.0,0.0
6,2015-04-22,2330,N15E18,11,20,Cso,5,4,Beta,0.0,0.0,0.0,0.0
7,2015-04-22,2331,S10E10,19,30,Bxi,3,10,Beta,0.0,0.0,0.0,0.0
8,2015-04-22,2332,S13W17,46,10,Bxo,1,2,Beta,0.0,0.0,0.0,0.0
0,2015-04-23,2321,N07W73,89,30,Hsx,1,1,Alpha,0.0,0.0,0.0,0.0
1,2015-04-23,2324,N19W47,63,165,Cai,11,14,Beta,0.0,1.0,0.0,0.0
2,2015-04-23,2325,N06W39,55,205,Cao,5,7,Beta,0.0,2.0,0.0,0.0
3,2015-04-23,2327,S10E03,13,90,Hsx,3,3,Alpha,0.0,1.0,0.0,0.0
4,2015-04-23,2329,S08W93,109,50,Cro,8,8,Beta,0.0,0.0,0.0,0.0
5,2015-04-23,2331,S10W04,20,40,Dac,5,15,Beta,0.0,0.0,0.0,0.0
6,2015-04-23,2332,S13W31,47,20,Cro,2,5,Beta,0.0,0.0,0.0,0.0
7,2015-04-23,2333,N19E62,312,30,Hrx,1,1,Alpha,0.0,1.0,0.0,0.0
0,2015-04-24,2321,N08W84,86,30,Hsx,1,1,Alpha,0.0,1.0,0.0,0.0
1,2015-04-24,2324,N19W59,61,60,Hax,5,5,Alpha,0.0,1.0,0.0,0.0
2,2015-04-24,2325,N05W52,54,240,Hsx,4,1,Alpha,0.0,1.0,0.0,0.0
3,2015-04-24,2326,N20W83,86,80,Cao,7,7,Beta,0.0,6.0,0.0,0.0
4,2015-04-24,2327,S08W10,12,90,Hsx,3,1,Alpha,0.0,0.0,0.0,0.0
5,2015-04-24,2331,S09W19,21,90,Dai,7,11,Beta,0.0,0.0,0.0,0.0
6,2015-04-24,2332,S13W43,45,10,Bxo,2,2,Beta,0.0,0.0,0.0,0.0
7,2015-04-24,2333,N20E51,311,30,Hax,2,2,Alpha,0.0,1.0,0.0,0.0
0,2015-04-25,2324,N19W72,61,40,Hsx,2,1,Alpha,0.0,1.0,0.0,0.0
1,2015-04-25,2325,N05W67,56,160,Hsx,3,1,Alpha,0.0,0.0,0.0,0.0
2,2015-04-25,2326,N19W96,85,10,Bxo,4,2,Beta,0.0,4.0,0.0,0.0
3,2015-04-25,2327,S09W24,12,90,Hsx,3,1,Alpha,0.0,0.0,0.0,0.0
4,2015-04-25,2331,S10W33,21,150,Dai,9,12,Beta-Gamma,0.0,2.0,0.0,0.0
5,2015-04-25,2333,N20E37,312,30,Hax,2,2,Alpha,0.0,0.0,0.0,0.0
0,2015-04-26,2324,N19W86,62,10,Axx,1,1,Alpha,1.0,0.0,0.0,0.0
1,2015-04-26,2325,N04W79,55,220,Hsx,3,1,Alpha,0.0,0.0,0.0,0.0
2,2015-04-26,2327,S10W37,12,80,Hsx,2,2,Alpha,0.0,0.0,0.0,0.0
3,2015-04-26,2331,S09W47,22,220,Dai,8,18,Beta-Gamma,0.0,0.0,0.0,0.0
4,2015-04-26,2333,N20E25,310,20,Hax,2,5,Alpha,0.0,0.0,0.0,0.0
0,2015-04-27,2325,N04W94,57,220,Hsx,3,1,Alpha,0.0,0.0,0.0,0.0
1,2015-04-27,2327,S08W49,11,60,Cso,5,3,Beta,2.0,0.0,0.0,0.0
2,2015-04-27,2331,S10W59,21,240,Dai,10,9,Beta-Gamma,1.0,2.0,0.0,0.0
3,2015-04-27,2333,N20E12,310,10,Hrx,1,2,Alpha,0.0,0.0,0.0,0.0
0,2015-04-28,2327,S08W63,13,40,Cso,3,2,Beta,0.0,0.0,0.0,0.0
1,2015-04-28,2331,S09W73,22,190,Dao,8,7,Beta,0.0,0.0,0.0,0.0
2,2015-04-28,2333,N20W00,309,10,Hrx,2,3,Alpha,0.0,0.0,0.0,0.0
0,2015-04-29,2327,S07W77,13,20,Hsx,1,1,Alpha,0.0,0.0,0.0,0.0
1,2015-04-29,2331,S09W87,23,210,Dao,7,2,Beta,0.0,1.0,0.0,0.0
2,2015-04-29,2333,N21W12,308,10,Axx,2,3,Alpha,0.0,0.0,0.0,0.0
0,2015-04-30,2327,S08W90,12,20,Hsx,2,2,Alpha,0.0,1.0,0.0,0.0
1,2015-04-30,2333,N22W27,309,10,Bxo,2,4,Beta,0.0,0.0,0.0,0.0
0,2015-05-01,2334,S19E11,259,20,Cro,3,4,Beta,0.0,0.0,0.0,0.0
1,2015-05-01,2335,S15E76,194,30,Hsx,2,3,Alpha,0.0,1.0,0.0,0.0
0,2015-05-02,2335,S15E63,194,70,Dao,6,3,Beta,1.0,1.0,0.0,0.0
0,2015-05-03,2335,S15E52,192,220,Dai,8,15,Beta,4.0,0.0,0.0,0.0
0,2015-05-04,2335,S16E37,194,170,Dac,10,20,Beta,2.0,5.0,0.0,0.0
1,2015-05-04,2336,N13E12,219,10,Bxo,4,3,Beta,0.0,0.0,0.0,0.0
2,2015-05-04,2337,S16E56,175,10,Axx,2,2,Alpha,0.0,0.0,0.0,0.0
3,2015-05-04,2338,N04E56,175,10,Axx,1,2,Alpha,0.0,0.0,0.0,0.0
0,2015-05-05,2335,S15E24,192,310,Eac,11,30,Beta-Gamma,1.0,4.0,0.0,0.0
1,2015-05-05,2336,N13W00,216,30,Dro,5,9,Beta,0.0,0.0,0.0,0.0
2,2015-05-05,2337,S16E42,173,10,Bxo,2,2,Beta,0.0,0.0,0.0,0.0
3,2015-05-05,2338,N04E42,173,20,Bxo,5,4,Beta,1.0,1.0,0.0,0.0
0,2015-05-06,2335,S16E11,192,280,Ekc,11,25,Beta-Gamma,0.0,8.0,2.0,0.0
1,2015-05-06,2336,N13W14,218,40,Dso,5,10,Beta,0.0,0.0,0.0,0.0
2,2015-05-06,2337,S17E28,175,10,Bxo,2,2,Beta,0.0,0.0,0.0,0.0
3,2015-05-06,2338,N03E29,173,70,Dso,7,7,Beta,0.0,1.0,0.0,0.0
4,2015-05-06,2339,N12E70,133,250,Ekc,11,5,Beta-Gamma,0.0,5.0,2.0,1.0
0,2015-05-07,2335,S13W03,193,220,Eac,13,28,Beta-Gamma,0.0,2.0,0.0,0.0
1,2015-05-07,2336,N10W28,218,30,Cro,5,7,Beta,0.0,0.0,0.0,0.0
2,2015-05-07,2337,S15E15,175,10,Cso,3,3,Beta,0.0,0.0,0.0,0.0
3,2015-05-07,2338,N04E15,174,90,Dao,8,7,Beta,0.0,0.0,0.0,0.0
4,2015-05-07,2339,N12E59,131,590,Fkc,17,15,Beta-Gamma,0.0,6.0,1.0,0.0
0,2015-05-08,2335,S16W17,195,180,Eac,13,27,Beta,0.0,0.0,0.0,0.0
1,2015-05-08,2336,N11W44,222,10,Axx,2,3,Alpha,0.0,0.0,0.0,0.0
2,2015-05-08,2337,S18E03,175,30,Cao,4,5,Beta,0.0,0.0,0.0,0.0
3,2015-05-08,2338,N03E02,176,40,Dao,8,4,Beta,0.0,0.0,0.0,0.0
4,2015-05-08,2339,N13E47,131,730,Fkc,17,20,Beta-Gamma,0.0,8.0,0.0,0.0
5,2015-05-08,2340,S06E65,113,30,Hrx,1,1,Alpha,0.0,0.0,0.0,0.0
6,2015-05-08,2341,S19E73,105,60,Hsx,1,1,Alpha,0.0,0.0,0.0,0.0
0,2015-05-09,2335,S16W31,195,120,Eai,13,15,Beta,0.0,0.0,0.0,0.0
1,2015-05-09,2336,N13W57,221,10,Bxo,1,2,Beta,0.0,0.0,0.0,0.0
2,2015-05-09,2337,S18W11,175,10,Bxo,4,3,Beta,0.0,0.0,0.0,0.0
3,2015-05-09,2338,N04W11,175,50,Dso,8,7,Beta,0.0,0.0,0.0,0.0
4,2015-05-09,2339,N13E35,129,900,Fkc,21,32,Beta-Gamma,0.0,8.0,0.0,0.0
5,2015-05-09,2340,S07E52,112,50,Cao,3,4,Beta,0.0,0.0,0.0,0.0
6,2015-05-09,2341,S20E60,104,90,Hsx,2,1,Alpha,0.0,0.0,0.0,0.0
0,2015-05-10,2335,S16W42,193,40,Cao,11,8,Beta,0.0,0.0,0.0,0.0
1,2015-05-10,2337,S17W23,174,20,Cro,4,4,Beta,0.0,0.0,0.0,0.0
2,2015-05-10,2338,N05W24,175,20,Cro,8,4,Beta,0.0,0.0,0.0,0.0
3,2015-05-10,2339,N12E24,127,840,Fkc,20,40,Beta-Gamma,0.0,4.0,0.0,0.0
4,2015-05-10,2340,S09E38,113,40,Cao,3,5,Beta,0.0,0.0,0.0,0.0
5,2015-05-10,2341,S20E47,104,70,Hsx,2,1,Alpha,0.0,0.0,0.0,0.0
6,2015-05-10,2342,N18E63,88,30,Cro,4,4,Beta,0.0,0.0,0.0,0.0
0,2015-05-11,2335,S15W59,197,30,Cro,5,4,Beta,0.0,0.0,0.0,0.0
1,2015-05-11,2337,S16W37,175,30,Cso,5,4,Beta,0.0,0.0,0.0,0.0
2,2015-05-11,2339,N13E08,130,820,Fkc,22,35,Beta-Gamma,0.0,6.0,0.0,0.0
3,2015-05-11,2340,S08E26,112,20,Cao,3,3,Beta,0.0,0.0,0.0,0.0
4,2015-05-11,2341,S19E33,105,80,Hsx,2,1,Alpha,0.0,0.0,0.0,0.0
5,2015-05-11,2342,N18E48,90,30,Cro,4,4,Beta,0.0,0.0,0.0,0.0
6,2015-05-11,2343,N10E39,99,20,Cro,2,2,Beta,0.0,0.0,0.0,0.0
7,2015-05-11,2344,S10E71,67,30,Hax,3,1,Alpha,0.0,1.0,0.0,0.0
0,2015-05-12,2335,S16W71,195,40,Cso,5,4,Beta,0.0,2.0,0.0,0.0
1,2015-05-12,2339,N13W05,129,760,Fkc,19,60,Beta-Gamma,0.0,2.0,0.0,0.0
2,2015-05-12,2340,S08E12,113,20,Hrx,3,5,Alpha,0.0,0.0,0.0,0.0
3,2015-05-12,2341,S19E20,104,100,Hsx,2,1,Alpha,0.0,0.0,0.0,0.0
4,2015-05-12,2342,N18E35,88,50,Dai,7,5,Beta-Gamma,0.0,0.0,0.0,0.0
5,2015-05-12,2343,N10E25,98,20,Cro,4,6,Beta,0.0,0.0,0.0,0.0
6,2015-05-12,2344,S10E58,65,60,Cso,5,2,Beta,0.0,0.0,0.0,0.0
7,2015-05-12,2345,N12E02,121,10,Axx,2,3,Alpha,0.0,1.0,0.0,0.0
8,2015-05-12,2346,S12E69,54,50,Hsx,1,1,Alpha,0.0,0.0,0.0,0.0
9,2015-05-12,2347,N06E68,55,20,Hsx,1,1,Alpha,0.0,0.0,0.0,0.0
0,2015-05-13,2335,S14W85,196,10,Bxo,3,2,Beta,0.0,0.0,0.0,0.0
1,2015-05-13,2339,N14W19,130,670,Fkc,18,51,Beta-Gamma,0.0,4.0,0.0,0.0
2,2015-05-13,2340,S07W00,111,10,Axx,1,1,Alpha,0.0,0.0,0.0,0.0
3,2015-05-13,2341,S19E07,103,70,Hsx,2,1,Alpha,0.0,0.0,0.0,0.0
4,2015-05-13,2342,N18E22,88,30,Cro,7,5,Beta,0.0,0.0,0.0,0.0
5,2015-05-13,2343,N11E12,98,10,Bxo,4,2,Beta,0.0,0.0,0.0,0.0
6,2015-05-13,2344,S10E45,65,40,Cso,7,3,Beta,0.0,0.0,0.0,0.0
7,2015-05-13,2345,N15W06,116,10,Bxo,3,3,Beta,0.0,0.0,0.0,0.0
8,2015-05-13,2346,S07E55,55,50,Hsx,2,1,Alpha,0.0,0.0,0.0,0.0
9,2015-05-13,2347,N05E54,56,10,Axx,1,1,Alpha,0.0,0.0,0.0,0.0
0,2015-05-14,2339,N13W34,131,310,Fkc,19,37,Beta-Gamma,0.0,4.0,0.0,0.0
1,2015-05-14,2340,S08W13,110,0,Axx,2,2,Alpha,0.0,0.0,0.0,0.0
2,2015-05-14,2341,S19W05,102,80,Hsx,2,1,Alpha,0.0,0.0,0.0,0.0
3,2015-05-14,2342,N18E08,89,60,Cro,8,9,Beta,0.0,2.0,0.0,0.0
4,2015-05-14,2344,S10E33,64,50,Cso,7,2,Beta,0.0,0.0,0.0,0.0
5,2015-05-14,2345,N16W16,113,20,Axx,1,2,Alpha,0.0,1.0,0.0,0.0
6,2015-05-14,2346,S06E42,55,60,Hsx,2,1,Alpha,0.0,0.0,0.0,0.0
7,2015-05-14,2347,N05E39,59,10,Axx,1,1,Alpha,0.0,0.0,0.0,0.0
0,2015-05-15,2339,N11W45,129,400,Fac,19,21,Beta,0.0,4.0,0.0,0.0
1,2015-05-15,2341,S20W18,102,80,Hsx,2,1,Alpha,0.0,0.0,0.0,0.0
2,2015-05-15,2342,N17W06,90,60,Cso,6,6,Beta,0.0,3.0,0.0,0.0
3,2015-05-15,2343,N09W13,97,10,Bxo,2,3,Beta,0.0,0.0,0.0,0.0
4,2015-05-15,2344,S10E21,64,40,Cso,8,2,Beta,0.0,0.0,0.0,0.0
5,2015-05-15,2346,S08E28,56,50,Cso,7,7,Beta,0.0,0.0,0.0,0.0
6,2015-05-15,2347,N05E26,58,10,Axx,1,1,Alpha,0.0,0.0,0.0,0.0
7,2015-05-15,2348,S09E60,24,100,Hsx,2,5,Alpha,0.0,0.0,0.0,0.0
0,2015-05-16,2339,N12W59,131,310,Fkc,19,26,Beta-Gamma,1.0,5.0,0.0,0.0
1,2015-05-16,2341,S20W31,103,70,Hsx,2,1,Alpha,0.0,0.0,0.0,0.0
2,2015-05-16,2342,N17W22,94,70,Hsx,2,3,Alpha,0.0,1.0,0.0,0.0
3,2015-05-16,2344,S09E02,70,50,Hax,2,2,Alpha,0.0,0.0,0.0,0.0
4,2015-05-16,2346,S08E15,57,30,Cao,7,7,Beta,0.0,0.0,0.0,0.0
5,2015-05-16,2347,N05E13,59,0,Axx,1,1,Alpha,0.0,0.0,0.0,0.0
6,2015-05-16,2348,S10E48,24,110,Hsx,3,3,Alpha,0.0,0.0,0.0,0.0
0,2015-05-17,2339,N11W72,131,300,Fkc,18,20,Beta-Gamma,1.0,0.0,0.0,0.0
1,2015-05-17,2341,S20W45,104,60,Hsx,2,2,Alpha,0.0,0.0,0.0,0.0
2,2015-05-17,2342,N17W35,94,60,Hsx,2,2,Alpha,0.0,0.0,0.0,0.0
3,2015-05-17,2344,S09W13,72,30,Hax,2,2,Alpha,0.0,0.0,0.0,0.0
4,2015-05-17,2346,S08W00,59,20,Cro,7,5,Beta,0.0,0.0,0.0,0.0
5,2015-05-17,2347,N04W01,59,10,Axx,1,1,Alpha,0.0,0.0,0.0,0.0
6,2015-05-17,2348,S11E34,25,110,Hsx,2,1,Alpha,0.0,0.0,0.0,0.0
0,2015-05-18,2339,N12W80,125,240,Dso,9,5,Beta,1.0,0.0,0.0,0.0
1,2015-05-18,2341,S19W58,103,60,Hsx,2,2,Alpha,0.0,0.0,0.0,0.0
2,2015-05-18,2342,N17W51,96,80,Hsx,2,1,Alpha,1.0,0.0,0.0,0.0
3,2015-05-18,2344,S09W26,71,20,Hax,1,2,Alpha,0.0,0.0,0.0,0.0
4,2015-05-18,2346,S07W13,58,10,Bxo,4,4,Beta,0.0,0.0,0.0,0.0
5,2015-05-18,2348,S10E21,24,100,Hsx,2,1,Alpha,0.0,0.0,0.0,0.0
0,2015-05-19,2339,N11W96,127,70,Hsx,10,1,Alpha,0.0,0.0,0.0,0.0
1,2015-05-19,2341,S19W71,103,70,Hsx,5,2,Alpha,0.0,0.0,0.0,0.0
2,2015-05-19,2342,N17W64,96,70,Hsx,3,3,Alpha,1.0,0.0,0.0,0.0
3,2015-05-19,2344,S09W39,71,20,Hrx,1,1,Alpha,0.0,0.0,0.0,0.0
4,2015-05-19,2348,S10E07,25,90,Hax,2,2,Alpha,0.0,0.0,0.0,0.0
5,2015-05-19,2349,S20E34,357,10,Bxo,3,2,Beta,0.0,2.0,0.0,0.0
6,2015-05-19,2350,S16E23,9,10,Bxo,4,2,Beta,0.0,0.0,0.0,0.0
0,2015-05-20,2341,S20W83,101,10,Axx,1,1,Alpha,0.0,0.0,0.0,0.0
1,2015-05-20,2342,N16W73,93,90,Cao,7,3,Beta,0.0,0.0,0.0,0.0
2,2015-05-20,2344,S10W53,71,10,Cro,3,1,Beta,0.0,0.0,0.0,0.0
3,2015-05-20,2348,S10W06,24,80,Hax,4,2,Alpha,0.0,0.0,0.0,0.0
4,2015-05-20,2349,S21E18,360,10,Bxo,7,3,Beta,1.0,0.0,0.0,0.0
5,2015-05-20,2350,S15E07,11,10,Axx,1,1,Alpha,0.0,0.0,0.0,0.0
6,2015-05-20,2351,N22E49,328,10,Bxo,4,3,Beta,0.0,1.0,0.0,0.0
0,2015-05-21,2342,N18W92,96,10,Bxo,10,1,Beta,0.0,0.0,0.0,0.0
1,2015-05-21,2344,S10W67,73,10,Cro,3,1,Beta,0.0,0.0,0.0,0.0
2,2015-05-21,2346,S06W55,60,10,Bxo,4,4,Beta,1.0,0.0,0.0,0.0
3,2015-05-21,2348,S10W20,26,80,Hax,4,1,Alpha,0.0,0.0,0.0,0.0
4,2015-05-21,2351,N22E34,330,20,Cso,5,4,Beta,1.0,1.0,0.0,0.0
0,2015-05-22,2346,S06W69,61,20,Cro,4,2,Beta,2.0,0.0,0.0,0.0
1,2015-05-22,2348,S11W32,24,40,Hax,2,1,Alpha,0.0,0.0,0.0,0.0
2,2015-05-22,2349,S21W10,359,10,Bxo,4,3,Beta,0.0,1.0,0.0,0.0
0,2015-05-23,2346,S05W82,60,10,Bxo,3,2,Beta,0.0,0.0,0.0,0.0
1,2015-05-23,2348,S11W45,24,50,Hsx,1,1,Alpha,0.0,0.0,0.0,0.0
2,2015-05-23,2349,S21W20,359,20,Bxo,5,5,Beta,0.0,1.0,0.0,0.0
3,2015-05-23,2351,N22E05,334,10,Axx,1,1,Alpha,0.0,0.0,0.0,0.0
4,2015-05-23,2352,N05E10,328,30,Bxi,6,8,Beta,1.0,0.0,0.0,0.0
5,2015-05-23,2353,N07W03,341,40,Cro,6,4,Beta-Gamma,0.0,0.0,0.0,0.0
0,2015-05-24,2348,S12W59,25,40,Hsx,2,1,Alpha,0.0,0.0,0.0,0.0
1,2015-05-24,2349,S21W36,2,40,Cao,6,5,Beta,4.0,0.0,0.0,0.0
2,2015-05-24,2352,N05W03,329,10,Bxo,6,4,Beta,0.0,0.0,0.0,0.0
3,2015-05-24,2353,N07W18,344,50,Dao,6,7,Beta,1.0,3.0,0.0,0.0
4,2015-05-24,2354,S21W15,341,10,Cro,3,2,Beta,0.0,0.0,0.0,0.0
0,2015-05-25,2348,S12W72,25,30,Hsx,2,1,Alpha,0.0,0.0,0.0,0.0
1,2015-05-25,2349,S21W49,2,60,Dao,5,8,Beta,0.0,0.0,0.0,0.0
2,2015-05-25,2353,N07W31,344,60,Dao,5,9,Beta,0.0,0.0,0.0,0.0
3,2015-05-25,2354,S21W30,343,0,Axx,1,1,Alpha,0.0,0.0,0.0,0.0
4,2015-05-25,2355,S10E41,272,30,Cao,4,5,Beta,0.0,0.0,0.0,0.0
0,2015-05-26,2348,S11W84,24,30,Hsx,2,1,Alpha,0.0,0.0,0.0,0.0
1,2015-05-26,2349,S20W62,2,50,Cao,6,5,Beta,0.0,0.0,0.0,0.0
2,2015-05-26,2353,N07W45,345,70,Cao,5,5,Beta,0.0,0.0,0.0,0.0
3,2015-05-26,2354,S21W43,343,0,Axx,1,1,Alpha,0.0,0.0,0.0,0.0
4,2015-05-26,2355,S10E28,272,30,Cao,3,4,Beta,0.0,0.0,0.0,0.0
0,2015-05-27,2349,S19W76,2,40,Cso,3,2,Beta,0.0,0.0,0.0,0.0
1,2015-05-27,2353,N07W59,345,30,Cso,3,2,Beta,0.0,0.0,0.0,0.0
2,2015-05-27,2354,S19W56,342,10,Axx,0,1,Alpha,0.0,0.0,0.0,0.0
3,2015-05-27,2355,S09E14,271,20,Cro,2,3,Beta,0.0,0.0,0.0,0.0
0,2015-05-28,2353,N07W74,347,30,Hrx,3,2,Alpha,0.0,0.0,0.0,0.0
1,2015-05-28,2354,S19W74,345,10,Axx,2,2,Alpha,0.0,0.0,0.0,0.0
0,2015-05-29,2356,S15E61,199,60,Hax,2,1,Alpha,0.0,0.0,0.0,0.0
0,2015-05-30,2356,S15E47,200,60,Hsx,2,1,Alpha,0.0,0.0,0.0,0.0
1,2015-05-30,2357,N09E45,202,10,Bxo,3,2,Beta,0.0,0.0,0.0,0.0
0,2015-05-31,2356,S16E34,199,70,Cso,2,3,Beta,2.0,0.0,0.0,0.0
1,2015-05-31,2357,N09E33,200,20,Cro,3,4,Beta,0.0,0.0,0.0,0.0
0,2015-06-01,2355,S09W54,274,10,Bxo,1,2,Beta,0.0,0.0,0.0,0.0
1,2015-06-01,2356,S16E20,200,60,Cao,3,3,Beta,0.0,0.0,0.0,0.0
2,2015-06-01,2357,N09E21,199,10,Axx,1,1,Alpha,0.0,0.0,0.0,0.0
3,2015-06-01,2358,S03E71,149,60,Hsx,2,1,Alpha,0.0,0.0,0.0,0.0
0,2015-06-02,2356,S16E07,200,50,Hax,2,2,Alpha,0.0,0.0,0.0,0.0
1,2015-06-02,2358,S03E58,149,40,Hax,2,2,Alpha,0.0,0.0,0.0,0.0
2,2015-06-02,2359,S14W02,208,10,Bxo,5,4,Beta,0.0,0.0,0.0,0.0
0,2015-06-03,2356,S16W07,201,60,Cao,2,3,Beta,0.0,0.0,0.0,0.0
1,2015-06-03,2358,S03E43,151,40,Hax,2,2,Alpha,1.0,0.0,0.0,0.0
2,2015-06-03,2359,S14W16,210,10,Bxo,5,4,Beta,0.0,0.0,0.0,0.0
0,2015-06-04,2356,S16W20,199,50,Hax,2,1,Alpha,0.0,0.0,0.0,0.0
1,2015-06-04,2358,S03E30,149,30,Cso,3,4,Beta,0.0,0.0,0.0,0.0
2,2015-06-04,2359,S16W26,207,10,Bxo,3,5,Beta,0.0,0.0,0.0,0.0
3,2015-06-04,2360,N12E52,127,50,Dao,7,5,Beta,0.0,1.0,0.0,0.0
0,2015-06-05,2356,S15W33,199,50,Hax,1,1,Alpha,0.0,0.0,0.0,0.0
1,2015-06-05,2358,S03E20,146,10,Bxo,3,2,Beta,0.0,0.0,0.0,0.0
2,2015-06-05,2359,S14W41,207,10,Bxo,4,2,Beta,0.0,0.0,0.0,0.0
3,2015-06-05,2360,N13E39,128,100,Dai,9,9,Beta,0.0,0.0,0.0,0.0
4,2015-06-05,2361,N16E64,101,80,Dai,4,3,Beta,0.0,2.0,0.0,0.0
5,2015-06-05,2362,N07E69,98,90,Dao,6,3,Beta,0.0,0.0,0.0,0.0
0,2015-06-06,2356,S16W46,199,70,Hsx,3,3,Alpha,0.0,0.0,0.0,0.0
1,2015-06-06,2358,S04E09,145,10,Axx,1,2,Alpha,0.0,0.0,0.0,0.0
2,2015-06-06,2359,S13W55,209,10,Axx,1,1,Alpha,0.0,0.0,0.0,0.0
3,2015-06-06,2360,N14E23,131,80,Dao,8,10,Beta,0.0,0.0,0.0,0.0
4,2015-06-06,2361,N16E51,103,90,Dai,5,9,Beta,0.0,5.0,0.0,0.0
5,2015-06-06,2362,N07E55,99,150,Dao,4,7,Beta,0.0,0.0,0.0,0.0
6,2015-06-06,2363,N04W16,170,10,Bxo,3,3,Beta,0.0,0.0,0.0,0.0
0,2015-06-07,2356,S16W59,200,70,Hsx,2,1,Alpha,0.0,0.0,0.0,0.0
1,2015-06-07,2358,S04W06,147,10,Axx,2,3,Alpha,0.0,0.0,0.0,0.0
2,2015-06-07,2360,N15E09,132,90,Dai,10,10,Beta,0.0,0.0,0.0,0.0
3,2015-06-07,2361,N16E36,105,110,Dai,5,16,Beta,1.0,1.0,0.0,0.0
4,2015-06-07,2362,N07E41,100,210,Dai,8,10,Beta,0.0,0.0,0.0,0.0
5,2015-06-07,2363,N04W30,171,10,Bxo,3,3,Beta,0.0,0.0,0.0,0.0
6,2015-06-07,2364,S05E64,77,10,Bxo,2,3,Beta,1.0,0.0,0.0,0.0
7,2015-06-07,2365,S13E64,77,70,Cso,4,3,Beta,0.0,1.0,0.0,0.0
0,2015-06-08,2356,S16W72,200,70,Hsx,2,1,Alpha,0.0,0.0,0.0,0.0
1,2015-06-08,2358,S03W21,149,0,Axx,2,2,Alpha,0.0,0.0,0.0,0.0
2,2015-06-08,2360,N15W04,132,140,Eac,11,13,Beta-Gamma,0.0,2.0,0.0,0.0
3,2015-06-08,2361,N16E22,106,80,Dai,5,7,Beta,0.0,1.0,0.0,0.0
4,2015-06-08,2362,N05E27,101,140,Dao,8,8,Beta,0.0,2.0,0.0,0.0
5,2015-06-08,2363,N04W45,173,10,Axx,2,2,Alpha,0.0,0.0,0.0,0.0
6,2015-06-08,2364,S06E49,79,10,Bxo,3,5,Beta,1.0,0.0,0.0,0.0
7,2015-06-08,2365,S13E48,80,90,Cso,6,5,Beta,0.0,0.0,0.0,0.0
8,2015-06-08,2366,N17E45,83,20,Cro,5,3,Beta,0.0,0.0,0.0,0.0
0,2015-06-09,2356,S16W86,200,30,Hsx,2,1,Alpha,0.0,0.0,0.0,0.0
1,2015-06-09,2360,N15W17,131,130,Eac,11,20,Beta-Gamma,0.0,0.0,0.0,0.0
2,2015-06-09,2361,N17E10,103,40,Cao,6,5,Beta,0.0,0.0,0.0,0.0
3,2015-06-09,2362,N06E14,100,120,Dao,8,11,Beta,0.0,0.0,0.0,0.0
4,2015-06-09,2364,S05E35,79,10,Bxo,4,5,Beta,0.0,0.0,0.0,0.0
5,2015-06-09,2365,S13E36,78,70,Cao,6,6,Beta,1.0,0.0,0.0,0.0
6,2015-06-09,2366,N17E33,81,20,Cro,6,4,Beta,1.0,0.0,0.0,0.0
0,2015-06-10,2360,N15W31,132,120,Eai,11,20,Beta-Gamma,0.0,1.0,0.0,0.0
1,2015-06-10,2361,N17W04,105,40,Cao,4,5,Beta,0.0,0.0,0.0,0.0
2,2015-06-10,2362,N06W01,102,100,Dso,8,11,Beta,0.0,0.0,0.0,0.0
3,2015-06-10,2364,S07E24,77,10,Axx,1,3,Alpha,0.0,1.0,0.0,0.0
4,2015-06-10,2365,S13E22,79,60,Cao,6,6,Beta,0.0,0.0,0.0,0.0
5,2015-06-10,2366,N17E19,82,20,Cro,6,5,Beta,0.0,0.0,0.0,0.0
0,2015-06-11,2360,N15W43,131,70,Eai,12,20,Beta-Gamma,0.0,2.0,0.0,0.0
1,2015-06-11,2361,N17W16,104,20,Cso,9,3,Beta,0.0,1.0,0.0,0.0
2,2015-06-11,2362,N06W13,101,50,Cso,8,7,Beta,0.0,0.0,0.0,0.0
3,2015-06-11,2364,S07E11,77,10,Axx,1,2,Alpha,0.0,0.0,0.0,0.0
4,2015-06-11,2365,S13E07,81,60,Cao,3,4,Beta,0.0,2.0,0.0,0.0
5,2015-06-11,2366,N17E05,83,40,Dao,5,9,Beta,0.0,1.0,0.0,0.0
0,2015-06-12,2360,N14W55,130,90,Eai,12,13,Beta-Gamma,0.0,4.0,0.0,0.0
1,2015-06-12,2361,N17W30,105,10,Axx,1,1,Alpha,0.0,1.0,0.0,0.0
2,2015-06-12,2362,N06W26,101,30,Cso,8,6,Beta,0.0,0.0,0.0,0.0
3,2015-06-12,2365,S12W05,80,100,Cso,5,8,Beta,0.0,0.0,0.0,0.0
4,2015-06-12,2366,N17W08,83,60,Dao,8,8,Beta-Gamma,0.0,0.0,0.0,0.0
5,2015-06-12,2367,S19E70,5,30,Dro,5,5,Beta,0.0,14.0,1.0,0.0
0,2015-06-13,2360,N15W68,129,220,Eac,12,16,Beta-Gamma,0.0,5.0,0.0,0.0
1,2015-06-13,2362,N08W39,100,20,Cro,6,3,Beta,0.0,0.0,0.0,0.0
2,2015-06-13,2365,S13W18,79,140,Cao,7,10,Beta,0.0,0.0,0.0,0.0
3,2015-06-13,2366,N17W20,81,50,Dai,9,8,Beta-Gamma,0.0,0.0,0.0,0.0
4,2015-06-13,2367,S18E58,3,200,Dao,9,9,Beta,0.0,5.0,0.0,0.0
0,2015-06-14,2360,N15W82,130,150,Eai,13,6,Beta,0.0,14.0,1.0,0.0
1,2015-06-14,2362,N08W51,99,10,Hrx,1,1,Alpha,0.0,0.0,0.0,0.0
2,2015-06-14,2365,S15W33,81,90,Cao,7,7,Beta,0.0,0.0,0.0,0.0
3,2015-06-14,2366,N17W33,81,60,Cai,9,10,Beta-Gamma,0.0,0.0,0.0,0.0
4,2015-06-14,2367,S20E44,4,300,Eki,11,12,Beta,0.0,0.0,0.0,0.0
5,2015-06-14,2369,N06E55,353,0,Axx,1,1,Alpha,0.0,0.0,0.0,0.0
0,2015-06-15,2360,N15W91,126,60,Cao,5,2,Beta,0.0,2.0,1.0,0.0
1,2015-06-15,2362,N07W63,98,10,Hrx,1,1,Alpha,0.0,0.0,0.0,0.0
2,2015-06-15,2365,S15W47,82,100,Cao,6,9,Beta,0.0,1.0,0.0,0.0
3,2015-06-15,2366,N16W45,80,10,Bxo,7,6,Beta,0.0,0.0,0.0,0.0
4,2015-06-15,2367,S20E34,1,340,Ekc,11,15,Beta-Gamma,0.0,1.0,0.0,0.0
5,2015-06-15,2368,S06W65,100,10,Bxo,3,4,Beta,0.0,0.0,0.0,0.0
6,2015-06-15,2370,N18E23,12,20,Cri,4,10,Beta,0.0,0.0,0.0,0.0
0,2015-06-16,2365,S13W61,83,90,Cso,5,4,Beta,0.0,0.0,0.0,0.0
1,2015-06-16,2366,N16W57,79,0,Axx,0,1,Alpha,0.0,0.0,0.0,0.0
2,2015-06-16,2367,S20E20,2,400,Ekc,12,29,Beta,0.0,0.0,0.0,0.0
3,2015-06-16,2368,S06W79,101,0,Axx,0,1,Alpha,0.0,1.0,0.0,0.0
4,2015-06-16,2369,N06E33,349,10,Bxo,1,2,Beta,0.0,0.0,0.0,0.0
5,2015-06-16,2370,N18E10,12,20,Cro,6,10,Beta,0.0,0.0,0.0,0.0
0,2015-06-17,2365,S12W74,81,60,Cao,2,2,Beta,0.0,0.0,0.0,0.0
1,2015-06-17,2367,S20E05,2,360,Ehc,11,22,Beta-Gamma,0.0,0.0,0.0,0.0
2,2015-06-17,2369,N06E16,351,60,Hsx,3,6,Alpha,0.0,0.0,0.0,0.0
3,2015-06-17,2370,N18W07,14,10,Bxo,3,4,Beta,0.0,0.0,0.0,0.0
4,2015-06-17,2371,N11E66,301,190,Dso,6,3,Beta,0.0,6.0,0.0,0.0
0,2015-06-18,2365,S13W88,82,60,Hsx,2,1,Alpha,0.0,0.0,0.0,0.0
1,2015-06-18,2367,S20W07,2,340,Ekc,11,21,Beta-Gamma,0.0,2.0,0.0,0.0
2,2015-06-18,2369,N07E03,352,10,Bxo,4,5,Beta,0.0,0.0,0.0,0.0
3,2015-06-18,2370,N17W20,15,10,Axx,1,1,Alpha,0.0,0.0,0.0,0.0
4,2015-06-18,2371,N12E53,302,520,Ekc,12,16,Beta-Gamma,0.0,2.0,0.0,0.0
0,2015-06-19,2367,S20W21,3,300,Eki,14,23,Beta-Gamma,0.0,3.0,0.0,0.0
1,2015-06-19,2369,N06W12,354,10,Bxo,2,3,Beta,0.0,0.0,0.0,0.0
2,2015-06-19,2371,N12E39,303,810,Ekc,12,26,Beta-Gamma-Delta,0.0,5.0,1.0,0.0
0,2015-06-20,2367,S20W35,4,300,Eki,14,23,Beta-Gamma,0.0,0.0,0.0,0.0
1,2015-06-20,2371,N13E27,301,1020,Ekc,14,31,Beta-Gamma-Delta,0.0,8.0,0.0,0.0
0,2015-06-21,2367,S20W49,5,290,Eki,12,34,Beta-Gamma,0.0,1.0,0.0,0.0
1,2015-06-21,2371,N13E14,302,1120,Ekc,15,35,Beta-Gamma-Delta,0.0,2.0,1.0,0.0
0,2015-06-22,2367,S18W64,6,230,Dac,8,17,Beta-Gamma,0.0,4.0,2.0,0.0
1,2015-06-22,2371,N13W00,302,1180,Fkc,16,42,Beta-Gamma-Delta,0.0,1.0,1.0,0.0
0,2015-06-23,2367,S19W77,6,240,Eac,11,9,Beta-Gamma,0.0,1.0,0.0,0.0
1,2015-06-23,2371,N13W13,302,1070,Fkc,17,34,Beta-Gamma-Delta,0.0,3.0,1.0,0.0
2,2015-06-23,2372,N20W68,357,10,Bxo,3,4,Beta,0.0,0.0,0.0,0.0
0,2015-06-24,2367,S20W92,7,120,Eac,12,7,Beta,0.0,0.0,0.0,0.0
1,2015-06-24,2371,N12W28,303,950,Fkc,17,34,Beta-Gamma-Delta,1.0,2.0,0.0,0.0
0,2015-06-25,2371,N11W40,302,740,Fkc,16,29,Beta-Gamma,0.0,4.0,0.0,0.0
0,2015-06-26,2371,N12W53,301,580,Fkc,16,23,Beta-Gamma,1.0,1.0,1.0,0.0
0,2015-06-27,2371,N13W64,300,550,Fkc,16,18,Beta-Gamma,8.0,3.0,0.0,0.0
0,2015-06-28,2371,N12W79,302,430,Ekc,15,15,Beta-Gamma,1.0,1.0,0.0,0.0
0,2015-06-29,2371,N13W92,302,130,Cao,5,3,Beta,2.0,1.0,0.0,0.0
1,2015-06-29,2373,N15E67,143,80,Dso,5,3,Beta,1.0,0.0,0.0,0.0
2,2015-06-29,2374,N08W01,211,10,Bxo,3,3,Beta,0.0,0.0,0.0,0.0
0,2015-06-30,2373,N15E55,141,120,Fso,20,4,Beta,0.0,3.0,0.0,0.0
1,2015-06-30,2374,N09W16,212,10,Axx,1,1,Alpha,0.0,0.0,0.0,0.0
2,2015-06-30,2375,S12E69,127,50,Hsx,2,1,Alpha,0.0,0.0,0.0,0.0
0,2015-07-01,2373,N15E41,142,100,Cao,10,5,Beta,2.0,0.0,0.0,0.0
1,2015-07-01,2375,S10E56,127,70,Hax,2,1,Alpha,0.0,0.0,0.0,0.0
2,2015-07-01,2376,N13E57,126,100,Eao,12,5,Beta-Gamma,0.0,2.0,0.0,0.0
0,2015-07-02,2373,N16E29,141,150,Dso,9,8,Beta,0.0,0.0,0.0,0.0
1,2015-07-02,2375,S09E44,126,80,Hsx,2,1,Alpha,0.0,0.0,0.0,0.0
2,2015-07-02,2376,N13E46,124,150,Eai,14,10,Beta-Gamma,1.0,1.0,0.0,0.0
0,2015-07-03,2373,N16E15,141,130,Cso,8,6,Beta,0.0,2.0,0.0,0.0
1,2015-07-03,2375,S10E30,126,40,Hsx,2,1,Alpha,0.0,0.0,0.0,0.0
2,2015-07-03,2376,N13E32,124,120,Eao,14,11,Beta,0.0,3.0,0.0,0.0
3,2015-07-03,2377,S11W36,192,10,Hrx,2,1,Alpha,0.0,0.0,0.0,0.0
4,2015-07-03,2378,S15E64,92,40,Cso,5,4,Beta,0.0,0.0,0.0,0.0
0,2015-07-04,2373,N16W00,143,110,Cso,8,7,Beta,0.0,2.0,0.0,0.0
1,2015-07-04,2375,S10E17,126,30,Hsx,2,1,Alpha,0.0,0.0,0.0,0.0
2,2015-07-04,2376,N12E16,127,100,Eao,13,12,Beta,0.0,0.0,0.0,0.0
3,2015-07-04,2377,S10W52,195,10,Axx,1,1,Alpha,0.0,0.0,0.0,0.0
4,2015-07-04,2378,S17E56,87,80,Dso,4,5,Beta,2.0,5.0,1.0,0.0
5,2015-07-04,2379,S15E45,98,10,Bxo,4,5,Beta,0.0,0.0,0.0,0.0
0,2015-07-05,2373,N16W14,144,100,Cso,8,8,Beta,0.0,0.0,0.0,0.0
1,2015-07-05,2375,S10E04,126,40,Hsx,2,1,Alpha,0.0,0.0,0.0,0.0
2,2015-07-05,2376,N12E02,128,90,Dao,9,7,Beta,1.0,0.0,0.0,0.0
3,2015-07-05,2377,S10W65,195,10,Axx,1,1,Alpha,0.0,0.0,0.0,0.0
4,2015-07-05,2378,S16E44,86,90,Cso,4,4,Beta,1.0,1.0,0.0,0.0
5,2015-07-05,2379,S14E33,97,20,Cro,5,5,Beta,0.0,0.0,0.0,0.0
6,2015-07-05,2380,N08W29,159,10,Hrx,2,1,Alpha,0.0,0.0,0.0,0.0
7,2015-07-05,2381,N16E57,73,30,Cro,4,4,Beta,0.0,0.0,0.0,0.0
0,2015-07-06,2373,N16W27,144,70,Cso,5,5,Beta,0.0,0.0,0.0,0.0
1,2015-07-06,2375,S11W09,126,60,Hsx,2,1,Alpha,0.0,0.0,0.0,0.0
2,2015-07-06,2376,N12W10,127,60,Dao,10,8,Beta,0.0,0.0,0.0,0.0
3,2015-07-06,2377,S10W79,196,10,Axx,1,1,Alpha,1.0,0.0,0.0,0.0
4,2015-07-06,2378,S17E32,85,70,Cso,5,6,Beta,2.0,0.0,0.0,0.0
5,2015-07-06,2379,S15E21,96,30,Dro,6,7,Beta,0.0,0.0,0.0,0.0
6,2015-07-06,2380,N09W42,159,10,Axx,1,1,Alpha,0.0,0.0,0.0,0.0
7,2015-07-06,2381,N15E44,73,100,Dao,7,10,Beta,1.0,0.0,0.0,0.0
8,2015-07-06,2382,S05E02,115,10,Bxo,1,2,Beta,0.0,0.0,0.0,0.0
0,2015-07-07,2373,N15W40,144,80,Cso,3,3,Beta,0.0,0.0,0.0,0.0
1,2015-07-07,2375,S11W22,126,60,Hsx,2,2,Alpha,0.0,0.0,0.0,0.0
2,2015-07-07,2376,N12W24,128,50,Cao,10,9,Beta,0.0,0.0,0.0,0.0
3,2015-07-07,2378,S17E18,86,60,Hax,2,3,Alpha,0.0,0.0,0.0,0.0
4,2015-07-07,2379,S15E07,97,30,Dro,6,7,Beta,0.0,0.0,0.0,0.0
5,2015-07-07,2381,N14E31,72,350,Ekc,11,14,Beta-Gamma,0.0,9.0,2.0,0.0
6,2015-07-07,2382,S05W13,117,0,Axx,1,1,Alpha,0.0,0.0,0.0,0.0
0,2015-07-08,2373,N16W55,144,50,Hsx,2,1,Alpha,0.0,0.0,0.0,0.0
1,2015-07-08,2375,S10W36,126,50,Hsx,2,1,Alpha,0.0,0.0,0.0,0.0
2,2015-07-08,2376,N12W38,127,60,Cao,13,8,Beta,0.0,0.0,0.0,0.0
3,2015-07-08,2378,S17E03,86,50,Hsx,2,3,Alpha,0.0,0.0,0.0,0.0
4,2015-07-08,2379,S13W07,97,20,Cro,9,7,Beta,0.0,0.0,0.0,0.0
5,2015-07-08,2381,N14E17,73,450,Ekc,12,25,Beta-Gamma,0.0,6.0,0.0,0.0
6,2015-07-08,2383,S06E04,85,20,Dro,3,3,Beta,0.0,0.0,0.0,0.0
0,2015-07-09,2373,N16W67,144,40,Hsx,2,1,Alpha,0.0,0.0,0.0,0.0
1,2015-07-09,2375,S09W49,126,50,Hsx,2,1,Alpha,0.0,0.0,0.0,0.0
2,2015-07-09,2376,N12W55,130,10,Axx,2,2,Alpha,0.0,0.0,0.0,0.0
3,2015-07-09,2378,S16W09,86,50,Hsx,3,4,Alpha,0.0,0.0,0.0,0.0
4,2015-07-09,2379,S11W24,100,10,Axx,2,4,Alpha,0.0,0.0,0.0,0.0
5,2015-07-09,2381,N14E03,74,550,Eko,14,28,Beta,0.0,0.0,0.0,0.0
6,2015-07-09,2383,S07W10,87,10,Bxo,5,9,Beta,0.0,0.0,0.0,0.0
7,2015-07-09,2384,S18E62,15,120,Hsx,2,2,Alpha,0.0,0.0,0.0,0.0
0,2015-07-10,2373,N16W81,145,40,Hsx,1,1,Alpha,1.0,0.0,0.0,0.0
1,2015-07-10,2375,S09W62,126,50,Hsx,2,1,Alpha,0.0,0.0,0.0,0.0
2,2015-07-10,2376,N12W70,133,10,Axx,2,3,Alpha,0.0,0.0,0.0,0.0
3,2015-07-10,2378,S10W23,87,20,Hsx,1,2,Alpha,0.0,0.0,0.0,0.0
4,2015-07-10,2379,S09W39,103,10,Bxo,2,3,Beta,0.0,0.0,0.0,0.0
5,2015-07-10,2381,N14W11,74,500,Eko,15,19,Beta,0.0,1.0,0.0,0.0
6,2015-07-10,2383,S06W24,87,50,Dso,5,10,Beta,0.0,0.0,0.0,0.0
7,2015-07-10,2384,S17E47,17,140,Hsx,2,1,Alpha,0.0,0.0,0.0,0.0
0,2015-07-11,2373,N16W93,144,30,Hsx,1,1,Alpha,0.0,0.0,0.0,0.0
1,2015-07-11,2375,S09W75,126,40,Hsx,1,1,Alpha,0.0,0.0,0.0,0.0
2,2015-07-11,2378,S15W33,84,10,Bxo,7,3,Beta,0.0,0.0,0.0,0.0
3,2015-07-11,2379,S11W52,103,10,Axx,2,4,Alpha,0.0,0.0,0.0,0.0
4,2015-07-11,2381,N15W24,75,400,Fko,16,15,Beta,0.0,0.0,0.0,0.0
5,2015-07-11,2383,S06W37,88,10,Bxo,6,3,Beta,0.0,0.0,0.0,0.0
6,2015-07-11,2384,S18E36,15,180,Cso,2,4,Beta,1.0,0.0,0.0,0.0
7,2015-07-11,2385,N07W53,104,30,Dri,3,13,Beta,1.0,1.0,0.0,0.0
0,2015-07-12,2375,S09W89,127,40,Hax,1,1,Alpha,0.0,0.0,0.0,0.0
1,2015-07-12,2378,S16W49,87,10,Axx,1,1,Alpha,0.0,0.0,0.0,0.0
2,2015-07-12,2381,N15W37,75,380,Fko,16,11,Beta,0.0,0.0,0.0,0.0
3,2015-07-12,2383,S06W52,90,10,Bxo,6,2,Beta,0.0,0.0,0.0,0.0
4,2015-07-12,2384,S18E23,15,180,Cao,3,5,Beta,0.0,0.0,0.0,0.0
5,2015-07-12,2385,N08W68,106,110,Dao,7,11,Beta,1.0,1.0,0.0,0.0
0,2015-07-13,2381,N15W51,75,360,Fko,16,5,Beta,0.0,0.0,0.0,0.0
1,2015-07-13,2384,S18E09,15,170,Cao,3,7,Beta,0.0,0.0,0.0,0.0
2,2015-07-13,2385,N08W82,106,100,Dao,8,6,Beta,2.0,0.0,0.0,0.0
3,2015-07-13,2386,N11E71,312,120,Hsx,4,1,Alpha,0.0,0.0,0.0,0.0
0,2015-07-14,2381,N15W65,76,360,Fko,16,5,Beta,0.0,0.0,0.0,0.0
1,2015-07-14,2384,S18W05,16,170,Cso,3,8,Beta,0.0,0.0,0.0,0.0
2,2015-07-14,2386,N11E57,314,60,Hsx,2,1,Alpha,1.0,0.0,0.0,0.0
0,2015-07-15,2381,N15W79,77,320,Fko,16,5,Beta,0.0,1.0,0.0,0.0
1,2015-07-15,2384,S18W18,16,150,Cso,3,3,Beta,0.0,0.0,0.0,0.0
2,2015-07-15,2386,N11E43,315,60,Hsx,2,1,Alpha,0.0,0.0,0.0,0.0
0,2015-07-16,2381,N12W92,77,90,Eso,14,2,Beta,0.0,0.0,0.0,0.0
1,2015-07-16,2384,S18W29,14,120,Cso,4,5,Beta,0.0,0.0,0.0,0.0
2,2015-07-16,2386,N11E30,315,70,Hsx,4,2,Alpha,0.0,0.0,0.0,0.0
0,2015-07-17,2384,S18W43,14,90,Hsx,4,4,Alpha,0.0,0.0,0.0,0.0
1,2015-07-17,2386,N11E18,313,70,Hsx,4,2,Alpha,0.0,0.0,0.0,0.0
2,2015-07-17,2387,N17E61,270,30,Cai,6,5,Beta,1.0,0.0,0.0,0.0
3,2015-07-17,2388,N08W53,24,20,Cao,7,4,Beta,0.0,0.0,0.0,0.0
0,2015-07-18,2384,S17W57,15,80,Hsx,2,1,Alpha,0.0,0.0,0.0,0.0
1,2015-07-18,2386,N11E04,314,70,Hsx,2,2,Alpha,0.0,0.0,0.0,0.0
2,2015-07-18,2387,N17E47,271,40,Dac,7,7,Beta,1.0,0.0,0.0,0.0
0,2015-07-19,2384,S17W69,14,90,Hsx,2,1,Alpha,0.0,0.0,0.0,0.0
1,2015-07-19,2386,N11W07,312,90,Hsx,2,2,Alpha,0.0,0.0,0.0,0.0
2,2015-07-19,2387,N17E34,271,120,Dai,10,7,Beta,0.0,0.0,0.0,0.0
3,2015-07-19,2388,N14W81,26,10,Bxo,4,2,Beta,0.0,1.0,0.0,0.0
0,2015-07-20,2384,S17W80,12,60,Hsx,2,1,Alpha,0.0,0.0,0.0,0.0
1,2015-07-20,2386,N11W20,312,60,Hax,4,4,Alpha,0.0,0.0,0.0,0.0
2,2015-07-20,2387,N17E18,274,100,Dai,9,11,Beta,0.0,0.0,0.0,0.0
0,2015-07-21,2386,N11W34,312,40,Hsx,2,1,Alpha,0.0,0.0,0.0,0.0
1,2015-07-21,2387,N17E04,274,120,Dai,10,18,Beta,0.0,0.0,0.0,0.0
0,2015-07-22,2386,N10W48,313,40,Hsx,2,1,Alpha,0.0,0.0,0.0,0.0
1,2015-07-22,2387,N16W10,275,110,Dai,10,16,Beta,1.0,0.0,0.0,0.0
0,2015-07-23,2386,N10W61,313,30,Hsx,2,1,Alpha,1.0,0.0,0.0,0.0
1,2015-07-23,2387,N17W24,276,60,Csi,9,14,Beta,0.0,0.0,0.0,0.0
0,2015-07-24,2386,N09W74,313,20,Hax,1,1,Alpha,0.0,0.0,0.0,0.0
1,2015-07-24,2387,N16W35,274,20,Cro,10,6,Beta,0.0,0.0,0.0,0.0
0,2015-07-25,2386,N09W87,313,20,Hax,2,1,Alpha,0.0,0.0,0.0,0.0
1,2015-07-25,2387,N17W48,274,10,Bxo,8,5,Beta,0.0,0.0,0.0,0.0
2,2015-07-25,2389,S11E62,164,30,Cai,5,6,Beta,5.0,3.0,0.0,0.0
3,2015-07-25,2390,S15E28,198,10,Bxo,3,2,Beta,0.0,0.0,0.0,0.0
0,2015-07-26,2389,S11E48,164,80,Dai,8,11,Beta-Gamma,0.0,0.0,0.0,0.0
1,2015-07-26,2390,S15E13,199,50,Dai,6,10,Beta,0.0,0.0,0.0,0.0
0,2015-07-27,2389,S11E35,164,60,Cai,7,8,Beta-Gamma,3.0,1.0,0.0,0.0
1,2015-07-27,2390,S15E01,198,130,Dac,7,10,Beta-Gamma,0.0,0.0,0.0,0.0
0,2015-07-28,2389,S12E23,163,30,Cro,6,7,Beta,0.0,0.0,0.0,0.0
1,2015-07-28,2390,S17W13,199,170,Dai,8,15,Beta-Gamma,2.0,0.0,0.0,0.0
2,2015-07-28,2391,N05E71,115,40,Hsx,2,1,Alpha,0.0,0.0,0.0,0.0
0,2015-07-29,2389,S12E09,164,10,Bxo,7,8,Beta,0.0,0.0,0.0,0.0
1,2015-07-29,2390,S15W26,199,150,Dai,8,17,Beta-Gamma,1.0,0.0,0.0,0.0
2,2015-07-29,2391,N07E56,117,50,Hsx,2,1,Alpha,0.0,0.0,0.0,0.0
0,2015-07-30,2389,S11W07,166,10,Bxo,6,6,Beta,0.0,0.0,0.0,0.0
1,2015-07-30,2390,S15W39,198,110,Dai,8,18,Beta,0.0,0.0,0.0,0.0
2,2015-07-30,2391,N06E44,115,60,Hsx,2,1,Alpha,0.0,0.0,0.0,0.0
3,2015-07-30,2392,S05E50,109,20,Hrx,1,1,Alpha,0.0,0.0,0.0,0.0
0,2015-07-31,2389,S12W20,166,10,Axx,7,1,Alpha,0.0,0.0,0.0,0.0
1,2015-07-31,2390,S15W53,199,70,Dso,10,10,Beta,0.0,0.0,0.0,0.0
2,2015-07-31,2391,N06E31,115,60,Hax,2,2,Alpha,0.0,0.0,0.0,0.0
3,2015-07-31,2392,S05E37,109,0,Axx,1,1,Alpha,0.0,0.0,0.0,0.0
4,2015-07-31,2393,N16E45,101,10,Dao,5,8,Beta,1.0,0.0,0.0,0.0
5,2015-07-31,2394,N12E65,81,120,Hsx,1,1,Alpha,0.0,0.0,0.0,0.0
0,2015-08-01,2390,S15W66,199,100,Dai,10,11,Beta-Gamma,1.0,0.0,0.0,0.0
1,2015-08-01,2391,N07E17,116,50,Hax,2,1,Alpha,0.0,0.0,0.0,0.0
2,2015-08-01,2392,S04E23,110,0,Axx,0,1,Alpha,0.0,0.0,0.0,0.0
3,2015-08-01,2393,N17E34,99,90,Dao,7,6,Beta,0.0,0.0,0.0,0.0
4,2015-08-01,2394,N12E54,79,120,Hax,2,2,Alpha,0.0,0.0,0.0,0.0
0,2015-08-02,2390,S14W79,199,80,Cao,8,5,Beta,1.0,1.0,0.0,0.0
1,2015-08-02,2391,N06E03,117,20,Hax,1,3,Alpha,0.0,0.0,0.0,0.0
2,2015-08-02,2392,S05E08,112,0,Axx,0,1,Alpha,0.0,0.0,0.0,0.0
3,2015-08-02,2393,N17E22,98,50,Cao,6,7,Beta,1.0,0.0,0.0,0.0
4,2015-08-02,2394,N12E41,79,140,Hsx,3,4,Alpha,2.0,0.0,0.0,0.0
0,2015-08-03,2390,S15W91,198,50,Cso,3,2,Beta,5.0,0.0,0.0,0.0
1,2015-08-03,2391,N07W10,117,10,Axx,1,1,Alpha,0.0,0.0,0.0,0.0
2,2015-08-03,2393,N18E08,99,30,Cro,4,5,Beta,0.0,0.0,0.0,0.0
3,2015-08-03,2394,N12E28,79,140,Hax,2,3,Alpha,0.0,0.0,0.0,0.0
0,2015-08-04,2391,N06W23,116,1,Axx,1,1,Alpha,1.0,0.0,0.0,0.0
1,2015-08-04,2393,N18W06,99,20,Hax,2,2,Alpha,0.0,0.0,0.0,0.0
2,2015-08-04,2394,N12E14,78,120,Cao,3,4,Beta,0.0,0.0,0.0,0.0
3,2015-08-04,2395,N11E63,30,30,Hsx,2,1,Alpha,0.0,0.0,0.0,0.0
4,2015-08-04,2396,S16E56,37,10,Hax,2,4,Alpha,0.0,0.0,0.0,0.0
0,2015-08-05,2391,N07W32,113,10,Axx,1,1,Alpha,0.0,0.0,0.0,0.0
1,2015-08-05,2393,N18W20,100,20,Hsx,1,1,Alpha,0.0,0.0,0.0,0.0
2,2015-08-05,2394,N11E01,78,130,Dai,4,8,Beta-Gamma,0.0,0.0,0.0,0.0
3,2015-08-05,2395,N12E51,29,30,Hsx,1,1,Alpha,0.0,0.0,0.0,0.0
4,2015-08-05,2396,S18E42,37,80,Dai,8,7,Beta,1.0,0.0,0.0,0.0
0,2015-08-06,2393,N18W33,100,20,Hsx,1,1,Alpha,0.0,0.0,0.0,0.0
1,2015-08-06,2394,N11W12,79,120,Cao,7,12,Beta-Gamma,1.0,0.0,0.0,0.0
2,2015-08-06,2395,N12E37,30,30,Hsx,1,1,Alpha,0.0,0.0,0.0,0.0
3,2015-08-06,2396,S17E28,39,260,Dkc,8,20,Beta-Gamma,5.0,0.0,0.0,0.0
4,2015-08-06,2397,S12W36,102,20,Cro,4,3,Beta,0.0,0.0,0.0,0.0
0,2015-08-07,2393,N18W46,100,20,Hax,1,1,Alpha,0.0,0.0,0.0,0.0
1,2015-08-07,2394,N11W25,79,100,Cao,4,6,Beta,0.0,0.0,0.0,0.0
2,2015-08-07,2395,N12E25,29,20,Hax,1,1,Alpha,0.0,0.0,0.0,0.0
3,2015-08-07,2396,S17E15,39,550,Ekc,11,20,Beta-Gamma,0.0,3.0,0.0,0.0
4,2015-08-07,2397,S11W54,107,10,Hax,1,1,Alpha,0.0,0.0,0.0,0.0
0,2015-08-08,2393,N19W60,100,10,Hrx,1,1,Alpha,0.0,0.0,0.0,0.0
1,2015-08-08,2394,N11W38,78,80,Cao,5,8,Beta,1.0,1.0,0.0,0.0
2,2015-08-08,2395,N12E12,28,10,Hrx,1,1,Alpha,0.0,0.0,0.0,0.0
3,2015-08-08,2396,S17E02,38,710,Ekc,11,23,Beta-Gamma,2.0,10.0,0.0,0.0
4,2015-08-08,2397,S12W69,109,10,Hax,1,1,Alpha,0.0,0.0,0.0,0.0
5,2015-08-08,2398,N15E60,340,30,Hax,1,1,Alpha,0.0,0.0,0.0,0.0
0,2015-08-09,2393,N19W72,99,10,Hrx,1,1,Alpha,0.0,0.0,0.0,0.0
1,2015-08-09,2394,N12W52,79,80,Cso,4,4,Beta,1.0,0.0,0.0,0.0
2,2015-08-09,2395,N12W01,28,0,Axx,1,1,Alpha,0.0,0.0,0.0,0.0
3,2015-08-09,2396,S17W11,38,800,Ekc,11,23,Beta,0.0,4.0,0.0,0.0
4,2015-08-09,2397,S12W83,110,10,Axx,1,1,Alpha,0.0,0.0,0.0,0.0
5,2015-08-09,2398,N15E47,340,20,Hax,2,2,Alpha,0.0,0.0,0.0,0.0
0,2015-08-10,2393,N19W84,98,0,Axx,1,1,Alpha,0.0,0.0,0.0,0.0
1,2015-08-10,2394,N12W64,78,50,Cso,3,2,Beta,0.0,0.0,0.0,0.0
2,2015-08-10,2396,S17W24,38,840,Ekc,12,43,Beta,0.0,1.0,0.0,0.0
3,2015-08-10,2398,N15E33,341,10,Hrx,1,1,Alpha,0.0,0.0,0.0,0.0
0,2015-08-11,2394,N12W77,77,40,Hsx,2,1,Alpha,0.0,0.0,0.0,0.0
1,2015-08-11,2396,S18W38,38,740,Ekc,14,35,Beta,2.0,0.0,0.0,0.0
2,2015-08-11,2398,N16E19,341,10,Hrx,1,1,Alpha,0.0,0.0,0.0,0.0
0,2015-08-12,2394,N12W90,77,30,Hsx,2,1,Alpha,0.0,0.0,0.0,0.0
1,2015-08-12,2396,S18W51,38,710,Ekc,14,28,Beta,4.0,1.0,0.0,0.0
2,2015-08-12,2398,N16E06,341,10,Axx,1,1,Alpha,0.0,0.0,0.0,0.0
3,2015-08-12,2399,S16W00,347,10,Bxo,3,3,Beta,0.0,0.0,0.0,0.0
4,2015-08-12,2400,N17E36,311,10,Bxo,4,4,Beta,1.0,0.0,0.0,0.0
0,2015-08-13,2396,S18W65,39,560,Ekc,14,23,Beta,0.0,0.0,0.0,0.0
1,2015-08-13,2398,N16W08,342,10,Axx,1,1,Alpha,0.0,0.0,0.0,0.0
2,2015-08-13,2399,S16W14,348,10,Bxo,3,2,Beta,0.0,0.0,0.0,0.0
3,2015-08-13,2400,N17E22,312,10,Bxo,1,2,Beta,0.0,0.0,0.0,0.0
0,2015-08-14,2396,S18W79,40,230,Eac,14,9,Beta,1.0,0.0,0.0,0.0
1,2015-08-14,2400,N17E07,314,50,Dao,5,7,Beta,1.0,0.0,0.0,0.0
2,2015-08-14,2401,S11E50,271,10,Bxo,3,5,Beta,3.0,0.0,0.0,0.0
0,2015-08-15,2396,S18W91,39,40,Cao,4,3,Beta,0.0,0.0,0.0,0.0
1,2015-08-15,2400,N17W05,313,50,Cao,5,5,Beta,0.0,0.0,0.0,0.0
2,2015-08-15,2401,S12E37,271,70,Cai,6,8,Beta,1.0,4.0,0.0,0.0
0,2015-08-16,2400,N18W18,313,30,Cao,5,5,Beta,0.0,0.0,0.0,0.0
1,2015-08-16,2401,S11E22,273,30,Cri,7,8,Beta,2.0,1.0,0.0,0.0
0,2015-08-17,2400,N17W33,314,10,Axx,2,2,Alpha,0.0,0.0,0.0,0.0
1,2015-08-17,2401,S11E10,271,70,Dai,8,10,Beta,1.0,0.0,0.0,0.0
0,2015-08-18,2401,S10W03,270,30,Cro,8,10,Beta,3.0,0.0,0.0,0.0
0,2015-08-19,2401,S10W17,272,40,Cso,8,10,Beta,0.0,0.0,0.0,0.0
1,2015-08-19,2402,N05W38,293,10,Axx,1,1,Alpha,0.0,0.0,0.0,0.0
2,2015-08-19,2403,S12E64,191,60,Cso,8,3,Beta,2.0,0.0,0.0,0.0
0,2015-08-20,2401,S10W30,272,60,Dai,9,8,Beta,1.0,0.0,0.0,0.0
1,2015-08-20,2403,S12E50,192,90,Dac,8,8,Beta,10.0,0.0,0.0,0.0
0,2015-08-21,2401,S11W42,271,60,Dao,5,6,Beta,0.0,0.0,0.0,0.0
1,2015-08-21,2403,S13E37,192,330,Dkc,8,29,Beta-Gamma,5.0,6.0,0.0,0.0
2,2015-08-21,2404,N15E25,204,20,Cao,3,3,Beta,0.0,0.0,0.0,0.0
0,2015-08-22,2401,S11W58,273,10,Hrx,1,2,Alpha,0.0,0.0,0.0,0.0
1,2015-08-22,2403,S14E23,192,350,Dkc,10,43,Beta-Gamma,2.0,3.0,3.0,0.0
2,2015-08-22,2404,N14E13,202,20,Cro,3,3,Beta,0.0,0.0,0.0,0.0
0,2015-08-23,2403,S14E09,193,400,Ekc,13,49,Beta-Gamma-Delta,0.0,12.0,2.0,0.0
1,2015-08-23,2404,N14W01,203,20,Cro,4,3,Beta,0.0,0.0,0.0,0.0
0,2015-08-24,2403,S15W04,193,760,Ekc,15,66,Beta-Gamma-Delta,1.0,5.0,0.0,0.0
1,2015-08-24,2404,N14W16,205,30,Cro,4,7,Beta,0.0,0.0,0.0,0.0
0,2015-08-25,2403,S15W18,194,930,Fkc,16,47,Beta-Gamma-Delta,0.0,15.0,2.0,0.0
1,2015-08-25,2404,N14W31,207,20,Cro,6,4,Beta,0.0,0.0,0.0,0.0
0,2015-08-26,2403,S15W31,193,1190,Fki,17,40,Beta-Gamma-Delta,9.0,11.0,0.0,0.0
1,2015-08-26,2404,N14W46,208,0,Axx,0,1,Alpha,0.0,0.0,0.0,0.0
0,2015-08-27,2403,S16W44,193,1100,Fkc,17,35,Beta-Gamma-Delta,0.0,7.0,0.0,0.0
0,2015-08-28,2403,S15W57,193,890,Fkc,17,25,Beta-Gamma-Delta,1.0,6.0,1.0,0.0
1,2015-08-28,2405,S21E45,91,10,Axx,1,1,Alpha,0.0,0.0,0.0,0.0
0,2015-08-29,2403,S15W69,192,840,Fkc,17,27,Beta-Gamma-Delta,1.0,15.0,2.0,0.0
1,2015-08-29,2405,S23E35,88,10,Bxo,3,3,Beta,0.0,2.0,0.0,0.0
0,2015-08-30,2403,S15W82,192,520,Fkc,18,16,Beta-Gamma-Delta,1.0,3.0,0.0,0.0
1,2015-08-30,2405,S19E21,89,20,Cro,5,3,Beta,0.0,1.0,0.0,0.0
2,2015-08-30,2406,N03E34,76,10,Axx,1,1,Alpha,0.0,0.0,0.0,0.0
0,2015-08-31,2403,S15W89,185,80,Dao,4,2,Beta,0.0,1.0,1.0,0.0
1,2015-08-31,2405,S20E09,87,10,Bxo,5,3,Beta,0.0,1.0,0.0,0.0
2,2015-08-31,2406,N03E22,74,10,Axx,2,2,Alpha,0.0,0.0,0.0,0.0
3,2015-08-31,2407,N15W48,144,30,Cro,3,3,Beta,0.0,0.0,0.0,0.0
0,2015-09-01,2405,S21W03,86,0,Axx,0,1,Alpha,1.0,0.0,0.0,0.0
1,2015-09-01,2406,N03E09,74,20,Cro,5,3,Beta,0.0,0.0,0.0,0.0
2,2015-09-01,2407,N15W62,145,20,Cro,6,5,Beta,0.0,0.0,0.0,0.0
3,2015-09-01,2408,S12W77,160,0,Axx,0,1,Alpha,0.0,0.0,0.0,0.0
0,2015-09-02,2406,N03W05,75,10,Bxo,4,9,Beta,0.0,0.0,0.0,0.0
1,2015-09-02,2407,N16W75,145,50,Cso,7,5,Beta,0.0,0.0,0.0,0.0
2,2015-09-02,2409,N05E54,16,30,Dro,4,5,Beta,0.0,0.0,0.0,0.0
0,2015-09-03,2406,N03W18,75,10,Axx,1,2,Alpha,0.0,0.0,0.0,0.0
1,2015-09-03,2407,N17W87,144,30,Cso,6,3,Beta,1.0,0.0,0.0,0.0
2,2015-09-03,2409,N04E39,17,30,Dro,4,6,Beta,0.0,0.0,0.0,0.0
0,2015-09-04,2409,N03E26,18,30,Cro,4,5,Beta,0.0,0.0,0.0,0.0
1,2015-09-04,2410,S19E23,21,10,Bxo,2,2,Beta,0.0,0.0,0.0,0.0
0,2015-09-05,2409,N06E11,19,30,Cro,4,2,Beta,1.0,0.0,0.0,0.0
1,2015-09-05,2410,S19E09,21,20,Cro,2,3,Beta,0.0,0.0,0.0,0.0
2,2015-09-05,2411,N14E64,326,10,Hsx,2,1,Alpha,0.0,0.0,0.0,0.0
0,2015-09-06,2409,N06W02,19,10,Bxo,2,3,Beta,1.0,0.0,0.0,0.0
1,2015-09-06,2411,N13E50,327,40,Hsx,1,1,Alpha,0.0,0.0,0.0,0.0
0,2015-09-07,2409,N04W14,18,20,Cro,3,3,Beta,0.0,0.0,0.0,0.0
1,2015-09-07,2411,N14E38,326,30,Cso,3,2,Beta,0.0,0.0,0.0,0.0
2,2015-09-07,2412,S08E58,306,20,Cro,3,3,Beta,0.0,0.0,0.0,0.0
0,2015-09-08,2409,N05W25,16,0,Axx,0,1,Alpha,0.0,0.0,0.0,0.0
1,2015-09-08,2411,N14E24,327,30,Hsx,2,1,Alpha,0.0,0.0,0.0,0.0
2,2015-09-08,2412,S07E44,307,40,Dao,7,4,Beta,0.0,0.0,0.0,0.0
3,2015-09-08,2413,N02W47,38,10,Hrx,1,1,Alpha,0.0,0.0,0.0,0.0
0,2015-09-09,2409,N05W36,14,10,Bxo,3,2,Beta,0.0,0.0,0.0,0.0
1,2015-09-09,2411,N14E10,328,20,Hsx,1,1,Alpha,0.0,0.0,0.0,0.0
2,2015-09-09,2412,S07E30,308,30,Cso,8,7,Beta,0.0,0.0,0.0,0.0
0,2015-09-10,2409,N06W50,14,0,Axx,0,1,Alpha,0.0,0.0,0.0,0.0
1,2015-09-10,2411,N14W02,326,30,Hsx,1,1,Alpha,0.0,0.0,0.0,0.0
2,2015-09-10,2412,S08E17,307,30,Cro,7,6,Beta,0.0,0.0,0.0,0.0
3,2015-09-10,2414,S10E07,317,10,Axx,1,1,Alpha,0.0,0.0,0.0,0.0
0,2015-09-11,2411,N14W15,326,20,Hsx,1,2,Alpha,0.0,0.0,0.0,0.0
1,2015-09-11,2412,S09E04,307,30,Cro,7,6,Beta,0.0,0.0,0.0,0.0
2,2015-09-11,2414,S10W09,320,10,Axx,1,1,Alpha,0.0,0.0,0.0,0.0
0,2015-09-12,2411,N15W28,326,20,Hax,1,1,Alpha,0.0,0.0,0.0,0.0
1,2015-09-12,2412,S07W09,307,20,Cri,7,9,Beta,0.0,0.0,0.0,0.0
2,2015-09-12,2414,S10W20,318,80,Dai,6,10,Beta-Gamma,1.0,1.0,0.0,0.0
3,2015-09-12,2415,S21E68,230,100,Dao,5,7,Beta,5.0,0.0,0.0,0.0
4,2015-09-12,2416,S13W36,334,10,Bxo,2,2,Beta,0.0,0.0,0.0,0.0
0,2015-09-13,2411,N14W41,326,10,Hsx,1,1,Alpha,0.0,0.0,0.0,0.0
1,2015-09-13,2412,S07W22,307,10,Bxo,5,4,Beta,0.0,0.0,0.0,0.0
2,2015-09-13,2414,S11W34,319,180,Dai,9,12,Beta-Gamma,0.0,0.0,0.0,0.0
3,2015-09-13,2415,S21E53,232,130,Dai,8,7,Beta,0.0,0.0,0.0,0.0
4,2015-09-13,2416,S14W50,335,10,Bxo,2,2,Beta,0.0,0.0,0.0,0.0
5,2015-09-13,2417,N23W48,333,10,Hrx,1,1,Alpha,0.0,0.0,0.0,0.0
0,2015-09-14,2411,N15W54,326,10,Axx,1,1,Alpha,0.0,0.0,0.0,0.0
1,2015-09-14,2412,S07W35,307,10,Axx,2,3,Alpha,0.0,0.0,0.0,0.0
2,2015-09-14,2414,S10W49,321,190,Dai,10,9,Beta,2.0,0.0,0.0,0.0
3,2015-09-14,2415,S22E41,231,170,Dai,10,11,Beta-Gamma,1.0,0.0,0.0,0.0
4,2015-09-14,2418,S15E69,203,120,Hsx,3,1,Alpha,0.0,0.0,0.0,0.0
0,2015-09-15,2414,S10W61,319,170,Eso,11,5,Beta,0.0,0.0,0.0,0.0
1,2015-09-15,2415,S22E28,230,150,Cai,9,16,Beta-Gamma,5.0,0.0,0.0,0.0
2,2015-09-15,2418,S15E56,202,200,Hsx,3,1,Alpha,0.0,0.0,0.0,0.0
0,2015-09-16,2414,S10W75,320,170,Eso,11,4,Beta,0.0,0.0,0.0,0.0
1,2015-09-16,2415,S22E14,231,150,Cai,9,16,Beta-Gamma,4.0,6.0,0.0,0.0
2,2015-09-16,2418,S15E42,203,200,Hsx,3,1,Alpha,0.0,0.0,0.0,0.0
3,2015-09-16,2419,N13E47,197,10,Bxo,3,5,Beta,0.0,0.0,0.0,0.0
0,2015-09-17,2414,S12W84,316,120,Hsx,2,1,Alpha,0.0,2.0,0.0,0.0
1,2015-09-17,2415,S20W02,234,190,Dac,10,20,Beta-Gamma,1.0,8.0,0.0,0.0
2,2015-09-17,2418,S16E30,202,250,Hhx,3,1,Alpha,0.0,0.0,0.0,0.0
3,2015-09-17,2419,N12E35,197,120,Dao,5,5,Beta,0.0,0.0,0.0,0.0
0,2015-09-18,2415,S20W16,235,230,Eac,11,30,Beta-Gamma,4.0,11.0,1.0,0.0
1,2015-09-18,2418,S14E19,200,210,Cso,7,4,Beta,0.0,0.0,0.0,0.0
2,2015-09-18,2419,N12E21,198,100,Cao,6,8,Beta,0.0,0.0,0.0,0.0
0,2015-09-19,2415,S19W29,235,190,Eac,12,19,Beta-Gamma,3.0,4.0,0.0,0.0
1,2015-09-19,2418,S14E05,201,230,Cho,6,5,Beta,0.0,0.0,0.0,0.0
2,2015-09-19,2419,N12E08,198,70,Cai,6,8,Beta,0.0,0.0,0.0,0.0
0,2015-09-20,2415,S19W41,233,240,Eac,12,19,Beta-Gamma,1.0,1.0,0.0,0.0
1,2015-09-20,2418,S14W07,199,230,Cho,7,6,Beta,0.0,0.0,0.0,0.0
2,2015-09-20,2419,N13W04,196,50,Cai,7,6,Beta,0.0,1.0,0.0,0.0
0,2015-09-21,2415,S19W56,235,240,Eac,13,12,Beta-Gamma,2.0,2.0,1.0,0.0
1,2015-09-21,2418,S15W21,200,210,Cao,6,5,Beta,0.0,0.0,0.0,0.0
2,2015-09-21,2419,N12W19,198,30,Cao,8,5,Beta,0.0,0.0,0.0,0.0
3,2015-09-21,2420,N09E71,108,270,Ekc,12,12,Beta-Gamma,1.0,0.0,1.0,0.0
0,2015-09-22,2415,S18W69,235,160,Eao,13,4,Beta-Gamma,1.0,0.0,0.0,0.0
1,2015-09-22,2418,S15W35,201,180,Cao,6,4,Beta,0.0,0.0,0.0,0.0
2,2015-09-22,2419,N13W32,198,20,Cro,4,4,Beta,0.0,0.0,0.0,0.0
3,2015-09-22,2420,N10E64,102,290,Ekc,13,16,Beta-Gamma,2.0,4.0,0.0,0.0
0,2015-09-23,2415,S18W81,233,160,Dso,9,3,Beta,0.0,0.0,0.0,0.0
1,2015-09-23,2418,S15W49,201,170,Cao,5,3,Beta,0.0,0.0,0.0,0.0
2,2015-09-23,2420,N10E50,102,280,Ekc,13,13,Beta-Gamma,2.0,0.0,0.0,0.0
3,2015-09-23,2421,N15E32,120,10,Bxo,4,7,Beta,0.0,0.0,0.0,0.0
4,2015-09-23,2422,S20E49,103,10,Bxo,4,3,Beta,0.0,0.0,0.0,0.0
0,2015-09-24,2415,S19W94,234,10,Bxo,1,1,Beta,0.0,2.0,0.0,0.0
1,2015-09-24,2418,S15W62,202,140,Hax,3,3,Alpha,0.0,0.0,0.0,0.0
2,2015-09-24,2420,N10E34,104,200,Eai,15,13,Beta-Gamma,0.0,0.0,0.0,0.0
3,2015-09-24,2421,N16E19,121,50,Cao,5,5,Beta,0.0,0.0,0.0,0.0
4,2015-09-24,2422,S20E36,104,90,Dao,5,11,Beta,4.0,4.0,0.0,0.0
5,2015-09-24,2423,S09W09,149,10,Bxo,3,2,Beta,0.0,0.0,0.0,0.0
0,2015-09-25,2418,S16W77,202,140,Hax,3,2,Alpha,0.0,0.0,0.0,0.0
1,2015-09-25,2420,N09E22,103,200,Eai,14,19,Beta-Gamma,0.0,0.0,0.0,0.0
2,2015-09-25,2421,N15E05,120,50,Cai,5,5,Beta,4.0,1.0,0.0,0.0
3,2015-09-25,2422,S20E24,101,150,Dai,8,9,Beta,2.0,1.0,0.0,0.0
4,2015-09-25,2423,S08W24,150,10,Cro,1,1,Beta,0.0,0.0,0.0,0.0
0,2015-09-26,2418,S15W88,201,60,Hax,3,2,Alpha,0.0,0.0,0.0,0.0
1,2015-09-26,2420,N10E09,102,150,Fai,16,17,Beta,0.0,0.0,0.0,0.0
2,2015-09-26,2421,N17W09,122,70,Dac,5,17,Beta,0.0,0.0,0.0,0.0
3,2015-09-26,2422,S20E10,102,310,Eko,11,17,Beta-Gamma,3.0,1.0,0.0,0.0
4,2015-09-26,2423,S08W37,149,10,Bxo,6,4,Beta,0.0,0.0,0.0,0.0
5,2015-09-26,2424,N12W30,142,20,Cro,3,3,Beta,0.0,0.0,0.0,0.0
6,2015-09-26,2425,S06W01,114,10,Bxi,3,2,Beta,0.0,0.0,0.0,0.0
7,2015-09-26,2426,N16E48,64,10,Bxo,4,3,Beta,0.0,0.0,0.0,0.0
0,2015-09-27,2420,N10W04,103,140,Fai,16,15,Beta-Gamma,0.0,0.0,0.0,0.0
1,2015-09-27,2421,N17W21,120,110,Dac,5,12,Beta,0.0,0.0,0.0,0.0
2,2015-09-27,2422,S20W03,102,410,Ekc,13,28,Beta-Gamma-Delta,3.0,3.0,0.0,0.0
3,2015-09-27,2423,S09W51,150,20,Cri,6,5,Beta,0.0,0.0,0.0,0.0
4,2015-09-27,2424,N12W44,143,20,Dro,3,3,Beta,0.0,0.0,0.0,0.0
5,2015-09-27,2425,S05W15,114,10,Bxo,5,3,Beta,0.0,0.0,0.0,0.0
6,2015-09-27,2426,N16E34,66,10,Cro,4,2,Beta,0.0,0.0,0.0,0.0
0,2015-09-28,2420,N11W17,103,110,Fai,16,11,Beta,0.0,0.0,0.0,0.0
1,2015-09-28,2421,N16W35,121,100,Dai,6,11,Beta,0.0,0.0,0.0,0.0
2,2015-09-28,2422,S20W16,102,650,Ekc,14,25,Beta-Gamma-Delta,0.0,11.0,2.0,0.0
3,2015-09-28,2423,S09W65,152,100,Dai,6,14,Beta-Gamma,0.0,2.0,0.0,0.0
4,2015-09-28,2424,N12W58,144,10,Axx,1,1,Alpha,0.0,0.0,0.0,0.0
5,2015-09-28,2425,S05W27,114,0,Axx,0,1,Alpha,0.0,0.0,0.0,0.0
6,2015-09-28,2426,N16E22,65,10,Axx,1,1,Alpha,0.0,0.0,0.0,0.0
7,2015-09-28,2427,N18E49,37,30,Cro,4,10,Beta,0.0,0.0,0.0,0.0
0,2015-09-29,2420,N11W31,105,100,Eso,15,9,Beta,0.0,0.0,0.0,0.0
1,2015-09-29,2421,N16W50,124,10,Bxo,5,4,Beta,0.0,0.0,0.0,0.0
2,2015-09-29,2422,S20W30,104,690,Fkc,16,25,Beta-Gamma-Delta,0.0,6.0,3.0,0.0
3,2015-09-29,2423,S09W80,154,180,Dac,10,9,Beta-Gamma,0.0,4.0,1.0,0.0
4,2015-09-29,2427,N18E35,39,60,Csi,6,9,Beta,0.0,0.0,0.0,0.0
5,2015-09-29,2428,S05W64,138,10,Bxo,3,4,Beta,0.0,0.0,0.0,0.0
0,2015-09-30,2420,N11W44,104,50,Cso,16,12,Beta,0.0,0.0,0.0,0.0
1,2015-09-30,2422,S18W42,102,950,Fkc,17,35,Beta-Gamma-Delta,0.0,6.0,6.0,0.0
2,2015-09-30,2423,S08W90,151,10,Bxo,2,2,Beta,0.0,1.0,3.0,0.0
3,2015-09-30,2427,N18E23,37,140,Cai,8,22,Beta,0.0,0.0,0.0,0.0
4,2015-09-30,2428,S04W76,136,20,Cro,2,4,Beta,0.0,1.0,0.0,0.0
0,2015-10-01,2420,N12W57,104,40,Cso,16,2,Beta,0.0,0.0,0.0,0.0
1,2015-10-01,2422,S18W55,102,860,Fkc,18,23,Beta-Gamma-Delta,0.0,7.0,2.0,0.0
2,2015-10-01,2427,N18E09,38,180,Dsi,9,12,Beta,0.0,0.0,0.0,0.0
3,2015-10-01,2428,S04W92,139,10,Hrx,1,1,Alpha,0.0,0.0,0.0,0.0
0,2015-10-02,2420,N10W70,104,20,Cro,15,3,Beta,0.0,0.0,0.0,0.0
1,2015-10-02,2422,S17W69,103,750,Fkc,18,18,Beta-Gamma-Delta,0.0,5.0,1.0,0.0
2,2015-10-02,2427,N17W04,38,180,Dso,8,22,Beta,0.0,0.0,0.0,0.0
0,2015-10-03,2420,N11W84,105,10,Bxo,3,3,Beta,0.0,0.0,0.0,0.0
1,2015-10-03,2422,S20W83,104,480,Fkc,16,11,Beta-Gamma-Delta,0.0,13.0,3.0,0.0
2,2015-10-03,2427,N18W17,38,180,Cai,9,14,Beta,0.0,0.0,0.0,0.0
0,2015-10-04,2420,N14W91,99,30,Hax,2,1,Alpha,0.0,2.0,0.0,0.0
1,2015-10-04,2422,S20W89,97,270,Dko,9,5,Beta,0.0,5.0,0.0,0.0
2,2015-10-04,2427,N18W30,38,180,Dai,8,11,Beta-Gamma,2.0,2.0,0.0,0.0
0,2015-10-05,2427,N18W44,38,150,Dai,9,8,Beta,1.0,0.0,0.0,0.0
0,2015-10-06,2427,N18W58,39,110,Cao,9,5,Beta,0.0,0.0,0.0,0.0
0,2015-10-07,2427,N16W72,40,100,Cso,3,2,Beta,1.0,0.0,0.0,0.0
1,2015-10-07,2429,S17E56,272,10,Bxo,2,2,Beta,0.0,0.0,0.0,0.0
0,2015-10-08,2427,N16W86,41,100,Hsx,2,1,Alpha,3.0,0.0,0.0,0.0
1,2015-10-08,2429,S19E42,273,10,Bxo,4,3,Beta,0.0,0.0,0.0,0.0
0,2015-10-09,2429,S19E32,270,10,Bxo,5,3,Beta,0.0,0.0,0.0,0.0
1,2015-10-09,2430,S17E60,242,30,Hrx,1,1,Alpha,0.0,0.0,0.0,0.0
0,2015-10-10,2430,S17E47,241,30,Hsx,1,1,Alpha,0.0,0.0,0.0,0.0
0,2015-10-11,2430,S17E33,242,20,Hrx,1,1,Alpha,0.0,0.0,0.0,0.0
1,2015-10-11,2431,S17E75,200,30,Hax,1,1,Alpha,0.0,0.0,0.0,0.0
0,2015-10-12,2430,S17E19,243,10,Hrx,1,1,Alpha,0.0,0.0,0.0,0.0
1,2015-10-12,2431,S18E61,201,50,Hax,1,1,Alpha,0.0,0.0,0.0,0.0
2,2015-10-12,2432,S23E43,219,20,Cro,3,4,Beta,0.0,0.0,0.0,0.0
0,2015-10-13,2430,S17E08,241,0,Axx,1,1,Alpha,0.0,0.0,0.0,0.0
1,2015-10-13,2431,S17E46,203,50,Hsx,1,1,Alpha,0.0,0.0,0.0,0.0
2,2015-10-13,2432,S22E30,219,20,Cro,4,5,Beta,0.0,0.0,0.0,0.0
3,2015-10-13,2433,N19W55,304,30,Dri,4,4,Beta,0.0,0.0,0.0,0.0
0,2015-10-14,2431,S17E34,202,30,Hsx,1,1,Alpha,0.0,0.0,0.0,0.0
1,2015-10-14,2432,S21E17,219,20,Cro,4,7,Beta,0.0,0.0,0.0,0.0
2,2015-10-14,2433,N19W69,305,30,Dri,4,6,Beta,0.0,0.0,0.0,0.0
3,2015-10-14,2434,S08E74,162,40,Cao,1,4,Beta,2.0,5.0,0.0,0.0
0,2015-10-15,2431,S17E20,202,30,Hsx,1,1,Alpha,0.0,0.0,0.0,0.0
1,2015-10-15,2432,S21E03,219,20,Dro,6,5,Beta,1.0,0.0,0.0,0.0
2,2015-10-15,2433,N19W83,305,10,Axx,3,2,Alpha,0.0,0.0,0.0,0.0
3,2015-10-15,2434,S08E60,162,50,Cai,7,8,Beta-Gamma,3.0,2.0,0.0,0.0
0,2015-10-16,2431,S17E07,202,30,Hsx,1,1,Alpha,0.0,0.0,0.0,0.0
1,2015-10-16,2432,S21W11,220,20,Dro,6,6,Beta,0.0,0.0,0.0,0.0
2,2015-10-16,2434,S10E48,163,50,Dao,8,12,Beta-Gamma,4.0,14.0,1.0,0.0
0,2015-10-17,2431,S18W07,203,20,Hsx,1,1,Alpha,0.0,0.0,0.0,0.0
1,2015-10-17,2432,S21W23,219,10,Bxo,7,4,Beta,0.0,0.0,0.0,0.0
2,2015-10-17,2434,S10E34,162,150,Dai,7,22,Beta-Gamma,3.0,6.0,1.0,0.0
3,2015-10-17,2435,S17E74,122,20,Hax,2,1,Alpha,0.0,1.0,0.0,0.0
0,2015-10-18,2431,S18W19,202,20,Cso,2,3,Beta,0.0,0.0,0.0,0.0
1,2015-10-18,2432,S22W38,221,10,Bxo,7,3,Beta,0.0,0.0,0.0,0.0
2,2015-10-18,2434,S10E20,163,260,Dki,7,20,Beta-Gamma-Delta,0.0,6.0,0.0,0.0
3,2015-10-18,2435,S15E60,123,30,Hax,1,1,Alpha,0.0,4.0,0.0,0.0
4,2015-10-18,2436,N09E71,112,80,Dai,9,6,Beta-Gamma,0.0,0.0,0.0,0.0
0,2015-10-19,2431,S19W30,200,10,Cao,2,2,Beta,0.0,0.0,0.0,0.0
1,2015-10-19,2434,S10E06,164,220,Dai,8,11,Beta,0.0,0.0,0.0,0.0
2,2015-10-19,2435,S15E45,125,30,Hax,1,1,Alpha,0.0,0.0,0.0,0.0
3,2015-10-19,2436,N09E58,112,210,Eai,12,16,Beta-Gamma,0.0,2.0,0.0,0.0
4,2015-10-19,2437,S19E74,96,60,Hax,2,1,Alpha,0.0,1.0,0.0,0.0
0,2015-10-20,2431,S19W44,200,10,Axx,1,1,Alpha,0.0,0.0,0.0,0.0
1,2015-10-20,2434,S10W08,164,230,Dac,8,16,Beta,0.0,3.0,0.0,0.0
2,2015-10-20,2435,S15E31,125,20,Hsx,1,1,Alpha,0.0,0.0,0.0,0.0
3,2015-10-20,2436,N09E44,112,260,Ekc,14,20,Beta-Gamma,1.0,3.0,0.0,0.0
4,2015-10-20,2437,S19E60,96,60,Cao,6,6,Beta,0.0,0.0,0.0,0.0
0,2015-10-21,2434,S10W22,165,210,Dai,6,14,Beta,0.0,0.0,0.0,0.0
1,2015-10-21,2435,S15E17,126,20,Hsx,1,1,Alpha,0.0,0.0,0.0,0.0
2,2015-10-21,2436,N09E30,113,240,Eai,14,18,Beta-Delta,2.0,2.0,0.0,0.0
3,2015-10-21,2437,S20E46,97,50,Cao,6,4,Beta,0.0,2.0,0.0,0.0
0,2015-10-22,2434,S10W36,166,180,Cao,4,6,Beta,0.0,0.0,0.0,0.0
1,2015-10-22,2435,S15E03,127,20,Cro,1,2,Beta,0.0,0.0,0.0,0.0
2,2015-10-22,2436,N08E16,114,290,Eki,14,23,Beta-Delta,1.0,8.0,0.0,0.0
3,2015-10-22,2437,S20E32,98,20,Hsx,2,2,Alpha,0.0,0.0,0.0,0.0
0,2015-10-23,2434,S10W48,165,90,Cao,3,5,Beta,0.0,1.0,0.0,0.0
1,2015-10-23,2435,S15W09,126,10,Hrx,1,1,Alpha,0.0,0.0,0.0,0.0
2,2015-10-23,2436,N08E06,111,280,Eki,14,22,Beta-Gamma,0.0,0.0,0.0,0.0
3,2015-10-23,2437,S20E18,99,20,Cao,3,3,Beta,0.0,0.0,0.0,0.0
4,2015-10-23,2438,S18W25,142,10,Bxo,2,2,Beta,0.0,0.0,0.0,0.0
5,2015-10-23,2439,N17E76,41,60,Hax,2,1,Alpha,0.0,0.0,0.0,0.0
0,2015-10-24,2434,S09W61,165,90,Cao,2,6,Beta,0.0,0.0,0.0,0.0
1,2015-10-24,2435,S15W21,125,10,Hrx,1,1,Alpha,0.0,0.0,0.0,0.0
2,2015-10-24,2436,N09W06,110,250,Eki,14,21,Beta,2.0,0.0,0.0,0.0
3,2015-10-24,2437,S19E05,99,20,Hax,1,1,Alpha,0.0,0.0,0.0,0.0
4,2015-10-24,2438,S18W38,142,10,Axx,1,1,Alpha,0.0,0.0,0.0,0.0
5,2015-10-24,2439,N17E63,41,30,Hsx,2,1,Alpha,0.0,0.0,0.0,0.0
0,2015-10-25,2434,S11W75,166,20,Cao,2,4,Beta,2.0,3.0,0.0,0.0
1,2015-10-25,2435,S15W34,125,10,Hrx,1,1,Alpha,0.0,0.0,0.0,0.0
2,2015-10-25,2436,N09W19,110,240,Eso,14,17,Beta,1.0,0.0,0.0,0.0
3,2015-10-25,2437,S19W08,99,20,Hrx,1,1,Alpha,0.0,0.0,0.0,0.0
4,2015-10-25,2439,N17E51,40,30,Hax,2,1,Alpha,0.0,0.0,0.0,0.0
0,2015-10-26,2435,S15W49,126,10,Axx,1,1,Alpha,0.0,0.0,0.0,0.0
1,2015-10-26,2436,N09W34,111,230,Esi,14,20,Beta,0.0,0.0,0.0,0.0
2,2015-10-26,2437,S19W21,98,10,Hrx,1,1,Alpha,0.0,0.0,0.0,0.0
3,2015-10-26,2439,N16E37,40,30,Hax,1,1,Alpha,0.0,0.0,0.0,0.0
0,2015-10-27,2435,S13W62,125,10,Axx,1,1,Alpha,0.0,0.0,0.0,0.0
1,2015-10-27,2436,N09W46,110,170,Esi,14,12,Beta,1.0,0.0,0.0,0.0
2,2015-10-27,2437,S21W33,97,10,Axx,3,2,Alpha,0.0,1.0,0.0,0.0
3,2015-10-27,2439,N16E24,39,20,Hsx,1,1,Alpha,0.0,0.0,0.0,0.0
4,2015-10-27,2440,N20W02,66,40,Cso,2,6,Beta,0.0,0.0,0.0,0.0
0,2015-10-28,2436,N08W61,110,110,Eso,13,6,Beta,0.0,1.0,0.0,0.0
1,2015-10-28,2437,S21W47,98,10,Axx,1,1,Alpha,0.0,0.0,0.0,0.0
2,2015-10-28,2439,N16E11,40,10,Hrx,1,1,Alpha,0.0,0.0,0.0,0.0
3,2015-10-28,2440,N19W16,67,30,Dao,4,4,Beta,0.0,0.0,0.0,0.0
4,2015-10-28,2441,N14E47,3,30,Dro,3,2,Beta,0.0,0.0,0.0,0.0
0,2015-10-29,2436,N08W74,110,100,Cao,15,2,Beta,0.0,2.0,0.0,0.0
1,2015-10-29,2437,S18W62,98,20,Cro,3,7,Beta,0.0,2.0,0.0,0.0
2,2015-10-29,2440,N19W31,67,30,Dso,4,4,Beta,0.0,0.0,0.0,0.0
3,2015-10-29,2441,N14E33,3,20,Dro,3,2,Beta,0.0,0.0,0.0,0.0
4,2015-10-29,2442,N16E09,27,20,Cao,3,6,Beta,0.0,0.0,0.0,0.0
0,2015-10-30,2436,N09W89,112,60,Cao,8,3,Beta,0.0,0.0,0.0,0.0
1,2015-10-30,2437,S17W76,100,30,Cso,2,1,Beta,0.0,0.0,0.0,0.0
2,2015-10-30,2440,N20W44,68,30,Dao,5,3,Beta,0.0,1.0,0.0,0.0
3,2015-10-30,2441,N14E20,3,30,Cai,5,7,Beta,0.0,0.0,0.0,0.0
4,2015-10-30,2442,N15W03,27,30,Dro,7,5,Beta,0.0,0.0,0.0,0.0
5,2015-10-30,2443,N05E67,316,330,Ehc,15,9,Beta,0.0,10.0,0.0,0.0
6,2015-10-30,2444,S04E61,323,10,Cro,2,3,Beta,0.0,0.0,0.0,0.0
0,2015-10-31,2440,N19W57,68,10,Bxo,4,2,Beta,0.0,0.0,0.0,0.0
1,2015-10-31,2441,N14E08,3,20,Cro,4,4,Beta,0.0,0.0,0.0,0.0
2,2015-10-31,2442,N16W17,28,20,Cro,8,4,Beta,0.0,0.0,0.0,0.0
3,2015-10-31,2443,N06E56,315,560,Ekc,15,25,Beta-Gamma-Delta,0.0,12.0,0.0,0.0
4,2015-10-31,2444,S04E46,325,10,Bxo,4,3,Beta,0.0,0.0,0.0,0.0
0,2015-11-01,2440,N18W72,70,10,Axx,1,1,Alpha,0.0,0.0,0.0,0.0
1,2015-11-01,2441,N15W06,4,10,Bxo,2,3,Beta,0.0,0.0,0.0,0.0
2,2015-11-01,2442,N16W35,33,10,Axx,1,1,Alpha,0.0,0.0,0.0,0.0
3,2015-11-01,2443,N07E43,315,640,Ekc,15,28,Beta-Gamma-Delta,0.0,14.0,1.0,0.0
0,2015-11-02,2442,N16W50,35,10,Hrx,1,1,Alpha,0.0,0.0,0.0,0.0
1,2015-11-02,2443,N07E29,316,650,Fkc,18,28,Beta-Gamma,1.0,14.0,0.0,0.0
2,2015-11-02,2445,N15W42,27,50,Dai,6,14,Beta,0.0,0.0,0.0,0.0
3,2015-11-02,2446,N15W04,349,20,Cro,4,5,Beta,0.0,0.0,0.0,0.0
0,2015-11-03,2441,N15W32,4,10,Bxo,1,2,Beta,0.0,0.0,0.0,0.0
1,2015-11-03,2443,N06E16,314,590,Fkc,17,36,Beta-Delta,0.0,1.0,0.0,0.0
2,2015-11-03,2445,N15W55,26,240,Dac,8,13,Beta,0.0,7.0,0.0,0.0
3,2015-11-03,2446,N15W17,349,10,Bxo,4,3,Beta,0.0,0.0,0.0,0.0
0,2015-11-04,2443,N06E03,314,560,Fkc,17,52,Beta-Delta,1.0,2.0,0.0,0.0
1,2015-11-04,2445,N16W69,26,200,Eac,11,10,Beta-Delta,0.0,3.0,0.0,0.0
2,2015-11-04,2447,N03E23,295,20,Cro,2,3,Beta,0.0,0.0,0.0,0.0
0,2015-11-05,2443,N06W09,314,370,Fkc,18,40,Beta-Delta,0.0,3.0,1.0,0.0
1,2015-11-05,2445,N17W80,25,140,Eai,12,6,Beta,3.0,3.0,2.0,0.0
2,2015-11-05,2447,N03E10,295,10,Cro,4,4,Beta,0.0,0.0,0.0,0.0
3,2015-11-05,2448,N06E72,233,60,Dso,5,3,Beta,0.0,1.0,0.0,0.0
0,2015-11-06,2443,N07W23,315,280,Fhc,17,25,Beta,1.0,0.0,0.0,0.0
1,2015-11-06,2445,N16W90,22,20,Hsx,1,1,Alpha,0.0,0.0,0.0,0.0
2,2015-11-06,2447,N03W02,294,10,Bxo,6,3,Beta,0.0,0.0,0.0,0.0
3,2015-11-06,2448,N06E59,233,110,Dai,10,6,Beta,0.0,0.0,0.0,0.0
0,2015-11-07,2443,N07W37,316,220,Fsc,16,21,Beta,0.0,0.0,0.0,0.0
1,2015-11-07,2446,N16W71,350,20,Cro,2,5,Beta,0.0,1.0,0.0,0.0
2,2015-11-07,2447,N04W15,294,0,Axx,1,1,Alpha,0.0,0.0,0.0,0.0
3,2015-11-07,2448,N06E45,234,140,Dao,8,5,Beta,0.0,1.0,0.0,0.0
4,2015-11-07,2449,S12E72,207,30,Cro,4,4,Beta,0.0,3.0,0.0,0.0
0,2015-11-08,2443,N06W52,318,190,Eso,12,9,Beta,0.0,0.0,0.0,0.0
1,2015-11-08,2448,N05E37,229,80,Cao,6,7,Beta,0.0,1.0,0.0,0.0
2,2015-11-08,2449,S12E57,209,150,Dao,8,6,Beta,0.0,2.0,0.0,0.0
3,2015-11-08,2450,S23E66,200,10,Bxo,5,3,Beta,0.0,1.0,0.0,0.0
4,2015-11-08,2451,N03E24,242,30,Cro,2,4,Beta,0.0,0.0,0.0,0.0
0,2015-11-09,2443,N06W69,322,120,Cso,7,4,Beta,0.0,0.0,0.0,0.0
1,2015-11-09,2448,N05E25,228,60,Cao,4,4,Beta,0.0,0.0,0.0,0.0
2,2015-11-09,2449,S12E46,207,150,Dao,8,8,Beta,1.0,0.0,0.0,0.0
3,2015-11-09,2450,S23E50,203,10,Bxo,5,3,Beta,0.0,0.0,0.0,0.0
4,2015-11-09,2451,N03E11,242,20,Hrx,1,1,Alpha,0.0,0.0,0.0,0.0
0,2015-11-10,2443,N05W82,321,130,Cso,6,3,Beta,0.0,1.0,0.0,0.0
1,2015-11-10,2448,N06E12,226,80,Cao,4,9,Beta,0.0,0.0,0.0,0.0
2,2015-11-10,2449,S11E32,206,140,Dai,9,13,Beta,0.0,0.0,1.0,0.0
3,2015-11-10,2451,N03W02,241,10,Axx,1,2,Alpha,0.0,0.0,0.0,0.0
0,2015-11-11,2443,N07W95,321,60,Hsx,1,1,Alpha,1.0,2.0,0.0,0.0
1,2015-11-11,2448,N06W00,224,60,Cao,4,8,Beta,0.0,0.0,0.0,0.0
2,2015-11-11,2449,S13E18,206,120,Dai,9,14,Beta,1.0,0.0,0.0,0.0
3,2015-11-11,2451,N05W17,243,10,Axx,1,2,Alpha,0.0,0.0,0.0,0.0
0,2015-11-12,2448,N04W15,227,30,Cao,4,7,Beta,0.0,0.0,0.0,0.0
1,2015-11-12,2449,S12E05,206,60,Dai,10,14,Beta,0.0,0.0,0.0,0.0
2,2015-11-12,2450,S22E03,207,10,Bxo,3,2,Beta,0.0,0.0,0.0,0.0
3,2015-11-12,2452,S08E42,169,10,Axx,0,1,Alpha,0.0,0.0,0.0,0.0
0,2015-11-13,2448,N07W26,225,10,Bxo,3,3,Beta,0.0,0.0,0.0,0.0
1,2015-11-13,2449,S13W09,208,30,Cao,9,6,Beta,0.0,0.0,0.0,0.0
0,2015-11-14,2448,N06W41,228,10,Axx,1,2,Alpha,0.0,0.0,0.0,0.0
1,2015-11-14,2449,S11W23,210,20,Cro,5,2,Beta,0.0,0.0,0.0,0.0
2,2015-11-14,2453,N06E05,182,10,Bxo,3,4,Beta,0.0,0.0,0.0,0.0
3,2015-11-14,2454,N08E66,121,10,Bxo,4,2,Beta,0.0,0.0,0.0,0.0
0,2015-11-15,2449,S11W36,210,10,Bxo,4,2,Beta,0.0,0.0,0.0,0.0
1,2015-11-15,2453,N06W08,182,10,Bxo,2,2,Beta,0.0,0.0,0.0,0.0
2,2015-11-15,2454,N08E52,122,20,Bxo,3,2,Beta,0.0,0.0,0.0,0.0
3,2015-11-15,2455,N15E36,138,20,Bxo,1,2,Beta,0.0,0.0,0.0,0.0
0,2015-11-16,2449,S10W50,210,10,Bxo,3,2,Beta,1.0,0.0,0.0,0.0
1,2015-11-16,2453,N06W21,181,20,Bxo,4,6,Beta,0.0,0.0,0.0,0.0
2,2015-11-16,2454,N10E41,119,20,Bxo,6,8,Beta,0.0,0.0,0.0,0.0
3,2015-11-16,2455,N15E22,138,30,Cro,5,7,Beta,0.0,0.0,0.0,0.0
0,2015-11-17,2453,N06W35,182,10,Bxo,5,4,Beta,0.0,0.0,0.0,0.0
1,2015-11-17,2454,N07E27,119,10,Bxo,4,5,Beta,0.0,0.0,0.0,0.0
2,2015-11-17,2455,N15E09,137,20,Dro,5,5,Beta,0.0,0.0,0.0,0.0
0,2015-11-18,2454,N05E12,121,30,Dro,5,11,Beta,3.0,1.0,0.0,0.0
1,2015-11-18,2455,N15W04,137,10,Bxo,4,2,Beta,0.0,0.0,0.0,0.0
0,2015-11-19,2454,N11E01,120,10,Bxo,3,4,Beta,0.0,0.0,0.0,0.0
1,2015-11-19,2456,N06W00,120,50,Dai,9,12,Beta,0.0,0.0,0.0,0.0
0,2015-11-20,2454,N11W13,121,20,Cro,5,8,Beta,0.0,0.0,0.0,0.0
1,2015-11-20,2456,N06W14,122,40,Dai,7,10,Beta,0.0,0.0,0.0,0.0
2,2015-11-20,2457,N12E70,38,20,Bxo,4,3,Beta,1.0,0.0,0.0,0.0
0,2015-11-21,2454,N12W28,123,20,Cro,7,6,Beta,0.0,0.0,0.0,0.0
1,2015-11-21,2456,N06W29,124,20,Dro,6,8,Beta,0.0,0.0,0.0,0.0
2,2015-11-21,2457,N11E63,32,110,Dso,7,8,Beta,2.0,0.0,0.0,0.0
0,2015-11-22,2454,N13W40,121,90,Dac,8,14,Beta,1.0,4.0,0.0,0.0
1,2015-11-22,2456,N06W42,123,30,Cao,5,5,Beta,0.0,0.0,0.0,0.0
2,2015-11-22,2457,N11E49,32,130,Dsi,8,10,Beta,1.0,2.0,0.0,0.0
0,2015-11-23,2454,N13W53,121,130,Dac,8,16,Beta-Gamma,0.0,8.0,0.0,0.0
1,2015-11-23,2456,N06W53,121,20,Bxo,3,6,Beta,0.0,0.0,0.0,0.0
2,2015-11-23,2457,N11E36,32,120,Dai,8,13,Beta,1.0,1.0,0.0,0.0
3,2015-11-23,2458,N09E72,356,60,Hax,2,1,Alpha,0.0,0.0,0.0,0.0
0,2015-11-24,2454,N14W67,121,150,Dai,7,16,Beta,1.0,2.0,0.0,0.0
1,2015-11-24,2456,N07W66,121,10,Bxo,3,3,Beta,0.0,0.0,0.0,0.0
2,2015-11-24,2457,N11E23,32,120,Dsi,8,14,Beta-Gamma,0.0,0.0,0.0,0.0
3,2015-11-24,2458,N09E57,358,120,Cso,5,4,Beta,0.0,0.0,0.0,0.0
0,2015-11-25,2454,N14W82,124,30,Cao,4,4,Beta,0.0,0.0,0.0,0.0
1,2015-11-25,2457,N12E11,31,70,Cao,9,11,Beta-Gamma,0.0,0.0,0.0,0.0
2,2015-11-25,2458,N10E46,356,160,Dao,7,8,Beta,0.0,0.0,0.0,0.0
3,2015-11-25,2459,N05E75,327,30,Cao,3,3,Beta,0.0,0.0,0.0,0.0
0,2015-11-26,2457,N12W02,30,30,Hsx,8,2,Alpha,0.0,0.0,0.0,0.0
1,2015-11-26,2458,N08E33,355,100,Dai,7,10,Beta,0.0,0.0,0.0,0.0
2,2015-11-26,2459,N04E59,329,60,Cai,1,4,Beta,0.0,0.0,0.0,0.0
3,2015-11-26,2460,N13E29,359,10,Bxo,3,2,Beta,0.0,0.0,0.0,0.0
0,2015-11-27,2457,N12W17,32,30,Hax,8,1,Alpha,0.0,0.0,0.0,0.0
1,2015-11-27,2458,N08E21,354,80,Cao,9,8,Beta,0.0,0.0,0.0,0.0
2,2015-11-27,2459,N04E45,330,40,Cao,2,3,Beta,0.0,0.0,0.0,0.0
3,2015-11-27,2460,N12E16,359,20,Cro,4,4,Beta,0.0,0.0,0.0,0.0
0,2015-11-28,2457,N13W27,29,20,Hax,6,1,Alpha,0.0,0.0,0.0,0.0
1,2015-11-28,2458,N08E07,355,70,Cao,3,3,Beta,0.0,0.0,0.0,0.0
2,2015-11-28,2459,N04E33,329,10,Cao,2,2,Beta,1.0,0.0,0.0,0.0
3,2015-11-28,2460,N12W01,3,10,Bxo,1,2,Beta,0.0,0.0,0.0,0.0
0,2015-11-29,2457,N12W40,29,20,Hax,1,1,Alpha,1.0,0.0,0.0,0.0
1,2015-11-29,2458,N08W07,356,80,Cao,6,4,Beta,0.0,0.0,0.0,0.0
2,2015-11-29,2459,N04E19,330,10,Axx,2,1,Alpha,0.0,0.0,0.0,0.0
0,2015-11-30,2457,N12W54,30,10,Hax,1,2,Alpha,0.0,0.0,0.0,0.0
1,2015-11-30,2458,N08W21,357,40,Cao,6,3,Beta,1.0,0.0,0.0,0.0
2,2015-11-30,2459,N04E04,332,10,Axx,1,1,Alpha,1.0,0.0,0.0,0.0
3,2015-11-30,2461,S07W54,29,10,Axx,1,1,Alpha,0.0,0.0,0.0,0.0
0,2015-12-01,2457,N12W65,28,20,Hax,1,1,Alpha,0.0,0.0,0.0,0.0
1,2015-12-01,2458,N09W36,359,80,Cao,5,8,Beta,2.0,1.0,0.0,0.0
2,2015-12-01,2459,N04W07,330,10,Hrx,1,1,Alpha,0.0,0.0,0.0,0.0
3,2015-12-01,2461,S07W67,30,10,Axx,0,1,Alpha,0.0,0.0,0.0,0.0
0,2015-12-02,2458,N09W51,1,60,Cao,4,6,Beta,2.0,2.0,0.0,0.0
1,2015-12-02,2459,N04W20,330,10,Hrx,1,1,Alpha,0.0,0.0,0.0,0.0
0,2015-12-03,2458,N11W66,2,50,Cao,5,5,Beta,1.0,1.0,0.0,0.0
1,2015-12-03,2459,N05W34,330,10,Axx,1,1,Alpha,0.0,0.0,0.0,0.0
0,2015-12-04,2458,N09W79,1,10,Bxo,7,4,Beta,1.0,1.0,0.0,0.0
1,2015-12-04,2459,N05W49,332,10,Axx,1,1,Alpha,1.0,0.0,0.0,0.0
2,2015-12-04,2462,N09E68,214,10,Hax,1,1,Alpha,0.0,0.0,0.0,0.0
3,2015-12-04,2463,S09E76,206,20,Hax,4,1,Alpha,0.0,0.0,0.0,0.0
0,2015-12-05,2462,N09E54,216,40,Hax,1,1,Alpha,0.0,1.0,0.0,0.0
1,2015-12-05,2463,S09E62,208,80,Dao,6,4,Beta,3.0,1.0,0.0,0.0
0,2015-12-06,2462,N09E42,215,30,Hax,2,3,Alpha,0.0,0.0,0.0,0.0
1,2015-12-06,2463,S11E52,205,130,Dao,10,7,Beta,4.0,1.0,0.0,0.0
2,2015-12-06,2464,S12E68,189,10,Axx,1,1,Alpha,0.0,1.0,0.0,0.0
0,2015-12-07,2462,N09E29,215,10,Axx,2,1,Alpha,0.0,0.0,0.0,0.0
1,2015-12-07,2463,S11E39,205,110,Eso,12,6,Beta,2.0,1.0,0.0,0.0
2,2015-12-07,2464,S12E53,191,10,Axx,2,1,Alpha,0.0,0.0,0.0,0.0
0,2015-12-08,2462,N09E16,215,10,Hrx,4,2,Alpha,1.0,0.0,0.0,0.0
1,2015-12-08,2463,S11E24,207,80,Eso,12,6,Beta,1.0,1.0,0.0,0.0
2,2015-12-08,2464,S12E39,192,0,Axx,0,1,Alpha,0.0,0.0,0.0,0.0
3,2015-12-08,2465,S05E58,173,40,Hax,2,1,Alpha,4.0,1.0,0.0,0.0
0,2015-12-09,2462,N08E02,215,10,Hrx,1,1,Alpha,0.0,0.0,0.0,0.0
1,2015-12-09,2463,S09E06,211,50,Hax,5,3,Alpha,1.0,2.0,0.0,0.0
2,2015-12-09,2465,S05E50,167,80,Cao,6,6,Beta,0.0,0.0,0.0,0.0
3,2015-12-09,2466,S13E18,199,20,Cro,6,8,Beta,0.0,1.0,0.0,0.0
0,2015-12-10,2462,N10W10,214,0,Axx,2,2,Alpha,0.0,0.0,0.0,0.0
1,2015-12-10,2463,S09W07,211,30,Hsx,4,4,Alpha,0.0,0.0,0.0,0.0
2,2015-12-10,2465,S06E35,169,90,Cso,5,6,Beta,0.0,0.0,0.0,0.0
3,2015-12-10,2466,S13E05,199,50,Dai,5,12,Beta,3.0,3.0,0.0,0.0
4,2015-12-10,2467,S06E16,188,20,Cro,3,3,Beta,0.0,0.0,0.0,0.0
0,2015-12-11,2463,S08W20,211,20,Cro,5,3,Beta,0.0,0.0,0.0,0.0
1,2015-12-11,2464,S10E03,188,10,Bxo,1,3,Beta,0.0,0.0,0.0,0.0
2,2015-12-11,2465,S05E24,167,80,Cso,7,5,Beta,1.0,0.0,0.0,0.0
3,2015-12-11,2466,S13W09,200,30,Dao,6,8,Beta,0.0,0.0,0.0,0.0
4,2015-12-11,2467,S05E01,190,20,Cro,4,4,Beta,0.0,0.0,0.0,0.0
5,2015-12-11,2468,S15E65,128,120,Dao,4,3,Beta,2.0,1.0,0.0,0.0
0,2015-12-12,2463,S08W35,213,20,Cro,6,3,Beta,0.0,0.0,0.0,0.0
1,2015-12-12,2464,S10W10,188,20,Cro,2,3,Beta,0.0,0.0,0.0,0.0
2,2015-12-12,2465,S05E09,169,50,Hax,2,2,Alpha,1.0,1.0,0.0,0.0
3,2015-12-12,2466,S13W22,200,10,Bxo,4,4,Beta,0.0,0.0,0.0,0.0
4,2015-12-12,2467,S05W15,193,0,Axx,0,1,Alpha,1.0,0.0,0.0,0.0
5,2015-12-12,2468,S14E52,126,70,Dao,4,4,Beta,1.0,1.0,0.0,0.0
0,2015-12-13,2463,S09W49,214,20,Cro,4,3,Beta,0.0,1.0,0.0,0.0
1,2015-12-13,2464,S09W23,188,10,Bxo,3,3,Beta,0.0,0.0,0.0,0.0
2,2015-12-13,2465,S05W05,170,30,Hax,2,3,Alpha,0.0,2.0,0.0,0.0
3,2015-12-13,2466,S13W35,200,10,Axx,1,1,Alpha,0.0,1.0,0.0,0.0
4,2015-12-13,2468,S15E39,126,40,Dao,3,5,Beta,0.0,2.0,0.0,0.0
5,2015-12-13,2469,N18E67,98,100,Dso,6,3,Beta,0.0,3.0,0.0,0.0
6,2015-12-13,2470,N13E76,89,80,Hsx,4,1,Alpha,1.0,3.0,0.0,0.0
0,2015-12-14,2463,S09W62,213,10,Cro,4,2,Beta,1.0,0.0,0.0,0.0
1,2015-12-14,2465,S06W17,168,20,Cao,5,4,Beta,0.0,0.0,0.0,0.0
2,2015-12-14,2468,S15E26,125,40,Cao,2,4,Beta,0.0,1.0,0.0,0.0
3,2015-12-14,2469,N18E56,95,90,Dso,6,8,Beta,0.0,0.0,0.0,0.0
4,2015-12-14,2470,N12E64,87,270,Dkc,6,6,Beta,0.0,0.0,0.0,0.0
0,2015-12-15,2463,S09W76,214,10,Axx,1,1,Alpha,0.0,0.0,0.0,0.0
1,2015-12-15,2465,S06W31,169,10,Axx,2,2,Alpha,0.0,0.0,0.0,0.0
2,2015-12-15,2468,S15E12,126,30,Cao,2,3,Beta,1.0,0.0,0.0,0.0
3,2015-12-15,2469,N18E42,96,50,Cao,6,2,Beta,0.0,1.0,0.0,0.0
4,2015-12-15,2470,N13E56,82,360,Dki,10,10,Beta,1.0,0.0,0.0,0.0
5,2015-12-15,2471,S21E45,93,20,Cro,3,3,Beta,0.0,0.0,0.0,0.0
0,2015-12-16,2468,S15W02,127,10,Cro,1,3,Beta,1.0,1.0,0.0,0.0
1,2015-12-16,2469,N18E28,97,30,Hax,1,1,Alpha,0.0,0.0,0.0,0.0
2,2015-12-16,2470,N13E43,82,610,Eko,14,16,Beta,0.0,0.0,0.0,0.0
3,2015-12-16,2471,S21E30,95,10,Bxo,3,4,Beta,0.0,0.0,0.0,0.0
0,2015-12-17,2468,S16W13,125,30,Cro,4,5,Beta,0.0,1.0,0.0,0.0
1,2015-12-17,2469,N18E13,99,20,Hax,2,2,Alpha,0.0,0.0,0.0,0.0
2,2015-12-17,2470,N14E31,81,530,Eko,15,12,Beta,0.0,0.0,0.0,0.0
0,2015-12-18,2468,S17W27,126,20,Cro,3,3,Beta,1.0,0.0,0.0,0.0
1,2015-12-18,2469,N18W01,100,20,Hax,2,2,Alpha,0.0,0.0,0.0,0.0
2,2015-12-18,2470,N15E18,81,610,Eko,14,17,Beta,1.0,2.0,0.0,0.0
0,2015-12-19,2468,S16W41,127,10,Axx,1,1,Alpha,1.0,0.0,0.0,0.0
1,2015-12-19,2469,N19W15,101,10,Axx,1,2,Alpha,0.0,2.0,0.0,0.0
2,2015-12-19,2470,N15E06,80,550,Eko,14,16,Beta,0.0,0.0,0.0,0.0
0,2015-12-20,2468,S15W54,126,10,Axx,1,1,Alpha,1.0,1.0,0.0,0.0
1,2015-12-20,2469,N19W28,100,0,Axx,21,1,Alpha,0.0,0.0,0.0,0.0
2,2015-12-20,2470,N14W08,80,450,Eho,14,12,Beta,0.0,3.0,0.0,0.0
0,2015-12-21,2468,S14W67,126,0,Axx,1,1,Alpha,0.0,1.0,0.0,0.0
1,2015-12-21,2470,N15W21,80,430,Eho,13,12,Beta,0.0,2.0,0.0,0.0
0,2015-12-22,2470,N14W35,81,410,Cho,13,3,Beta,0.0,1.0,0.0,0.0
1,2015-12-22,2472,N04E78,328,60,Hax,5,1,Alpha,0.0,5.0,2.0,0.0
2,2015-12-22,2473,S22E79,327,30,Cso,4,4,Beta,0.0,4.0,0.0,0.0
0,2015-12-23,2470,N13W50,83,400,Hhx,3,1,Alpha,0.0,0.0,0.0,0.0
1,2015-12-23,2472,N03E62,331,150,Dao,7,10,Beta,0.0,1.0,0.0,0.0
2,2015-12-23,2473,S23E62,331,230,Dac,10,12,Beta-Delta,0.0,2.0,1.0,0.0
3,2015-12-23,2474,N07W52,85,10,Bxo,2,5,Beta,0.0,0.0,0.0,0.0
0,2015-12-24,2470,N12W66,86,320,Hhx,3,1,Alpha,0.0,0.0,0.0,0.0
1,2015-12-24,2472,N04E49,331,170,Dai,8,10,Beta-Gamma,0.0,1.0,0.0,0.0
2,2015-12-24,2473,S23E49,331,420,Ekc,12,11,Beta-Gamma,0.0,1.0,1.0,0.0
3,2015-12-24,2474,N08W63,83,0,Axx,1,1,Alpha,0.0,0.0,0.0,0.0
0,2015-12-25,2470,N12W78,85,280,Hhx,4,1,Alpha,0.0,0.0,0.0,0.0
1,2015-12-25,2472,N03E37,330,100,Dai,6,8,Beta,0.0,3.0,0.0,0.0
2,2015-12-25,2473,S22E35,332,500,Ekc,14,12,Beta-Gamma,0.0,0.0,1.0,0.0
0,2015-12-26,2470,N12W90,83,250,Hhx,5,1,Alpha,0.0,0.0,0.0,0.0
1,2015-12-26,2472,N03E23,330,40,Cao,6,7,Beta,0.0,1.0,0.0,0.0
2,2015-12-26,2473,S22E22,331,570,Ekc,15,19,Beta-Gamma,0.0,5.0,0.0,0.0
3,2015-12-26,2475,N08W06,358,20,Cro,3,4,Beta,0.0,0.0,0.0,0.0
0,2015-12-27,2472,N04E11,329,30,Cso,8,7,Beta,0.0,0.0,0.0,0.0
1,2015-12-27,2473,S22E09,331,590,Fkc,16,36,Beta-Gamma-Delta,1.0,4.0,0.0,0.0
0,2015-12-28,2472,N04W02,329,30,Cro,7,9,Beta,0.0,1.0,0.0,0.0
1,2015-12-28,2473,S22W05,332,530,Fhc,16,38,Beta-Delta,3.0,0.0,0.0,0.0
0,2015-12-29,2472,N04W16,330,20,Cro,7,8,Beta,0.0,0.0,0.0,0.0
1,2015-12-29,2473,S22W19,333,510,Fhc,16,36,Beta-Delta,0.0,4.0,1.0,0.0
0,2015-12-30,2472,N04W30,331,10,Bxo,7,6,Beta,0.0,1.0,0.0,0.0
1,2015-12-30,2473,S21W33,334,470,Fhc,16,28,Beta,1.0,3.0,0.0,0.0
0,2015-12-31,2472,N04W44,331,10,Axx,1,1,Alpha,0.0,0.0,0.0,0.0
1,2015-12-31,2473,S21W47,334,240,Eac,15,13,Beta,4.0,2.0,0.0,0.0
